"","Taxon","Family","Order","Vol_Unit","Year","Clean_code","IUCNName","Threat","Volume"
"1","Aloe ferox","Liliaceae","Liliales","m3",2000,"NE","Aloe ferox","not threatened",0
"2","Aloe ferox","Liliaceae","Liliales","m3",2001,"NE","Aloe ferox","not threatened",0
"3","Aloe ferox","Liliaceae","Liliales","m3",2002,"NE","Aloe ferox","not threatened",0
"4","Aloe ferox","Liliaceae","Liliales","m3",2003,"NE","Aloe ferox","not threatened",0
"5","Aloe ferox","Liliaceae","Liliales","m3",2004,"NE","Aloe ferox","not threatened",14.9010607595042
"6","Aloe ferox","Liliaceae","Liliales","m3",2005,"NE","Aloe ferox","not threatened",0
"7","Aloe ferox","Liliaceae","Liliales","m3",2006,"NE","Aloe ferox","not threatened",0
"8","Aloe ferox","Liliaceae","Liliales","m3",2007,"NE","Aloe ferox","not threatened",0
"9","Aloe ferox","Liliaceae","Liliales","m3",2008,"NE","Aloe ferox","not threatened",0
"10","Aloe ferox","Liliaceae","Liliales","m3",2009,"NE","Aloe ferox","not threatened",0
"11","Aloe ferox","Liliaceae","Liliales","m3",2010,"NE","Aloe ferox","not threatened",0
"12","Aloe ferox","Liliaceae","Liliales","m3",2011,"NE","Aloe ferox","not threatened",0
"13","Aloe ferox","Liliaceae","Liliales","m3",2012,"NE","Aloe ferox","not threatened",0
"14","Aloe ferox","Liliaceae","Liliales","m3",2013,"NE","Aloe ferox","not threatened",0
"15","Aloe ferox","Liliaceae","Liliales","m3",2014,"NE","Aloe ferox","not threatened",0
"16","Aloe ferox","Liliaceae","Liliales","m3",2015,"NE","Aloe ferox","not threatened",0
"17","Aloe ferox","Liliaceae","Liliales","m3",2016,"NE","Aloe ferox","not threatened",0
"18","Aloe ferox","Liliaceae","Liliales","m3",2017,"NE","Aloe ferox","not threatened",0
"19","Aloe ferox","Liliaceae","Liliales","m3",2018,"NE","Aloe ferox","not threatened",0
"20","Aloe ferox","Liliaceae","Liliales","m3",2019,"NE","Aloe ferox","not threatened",0
"21","Aloe ferox","Liliaceae","Liliales","m3",2020,"NE","Aloe ferox","not threatened",0
"22","Aquilaria crassna","Thymelaeaceae","Myrtales","m3",2005,"CR","Aquilaria crassna","threatened",0
"23","Aquilaria crassna","Thymelaeaceae","Myrtales","m3",2006,"CR","Aquilaria crassna","threatened",0
"24","Aquilaria crassna","Thymelaeaceae","Myrtales","m3",2007,"CR","Aquilaria crassna","threatened",0.533070088845014
"25","Aquilaria crassna","Thymelaeaceae","Myrtales","m3",2008,"CR","Aquilaria crassna","threatened",0.820335636722606
"26","Aquilaria crassna","Thymelaeaceae","Myrtales","m3",2009,"CR","Aquilaria crassna","threatened",1.1609081934847
"27","Aquilaria crassna","Thymelaeaceae","Myrtales","m3",2010,"CR","Aquilaria crassna","threatened",10.8805528134254
"28","Aquilaria crassna","Thymelaeaceae","Myrtales","m3",2011,"CR","Aquilaria crassna","threatened",1.01579466929911
"29","Aquilaria crassna","Thymelaeaceae","Myrtales","m3",2012,"CR","Aquilaria crassna","threatened",0.337732477788746
"30","Aquilaria crassna","Thymelaeaceae","Myrtales","m3",2013,"CR","Aquilaria crassna","threatened",44.4225074037512
"31","Aquilaria crassna","Thymelaeaceae","Myrtales","m3",2014,"CR","Aquilaria crassna","threatened",7.41044027640671
"32","Aquilaria crassna","Thymelaeaceae","Myrtales","m3",2015,"CR","Aquilaria crassna","threatened",0
"33","Aquilaria crassna","Thymelaeaceae","Myrtales","m3",2016,"CR","Aquilaria crassna","threatened",0.690029615004935
"34","Aquilaria crassna","Thymelaeaceae","Myrtales","m3",2017,"CR","Aquilaria crassna","threatened",1.40336623889437
"35","Aquilaria crassna","Thymelaeaceae","Myrtales","m3",2018,"CR","Aquilaria crassna","threatened",0
"36","Aquilaria crassna","Thymelaeaceae","Myrtales","m3",2019,"CR","Aquilaria crassna","threatened",0.561796643632773
"37","Aquilaria crassna","Thymelaeaceae","Myrtales","m3",2020,"CR","Aquilaria crassna","threatened",0.627838104639684
"38","Aquilaria filaria","Thymelaeaceae","Myrtales","m3",2005,"NE","Aquilaria filaria","not threatened",359.742349457058
"39","Aquilaria filaria","Thymelaeaceae","Myrtales","m3",2006,"NE","Aquilaria filaria","not threatened",844.901283316879
"40","Aquilaria filaria","Thymelaeaceae","Myrtales","m3",2007,"NE","Aquilaria filaria","not threatened",1064.08637709773
"41","Aquilaria filaria","Thymelaeaceae","Myrtales","m3",2008,"NE","Aquilaria filaria","not threatened",684.965271470878
"42","Aquilaria filaria","Thymelaeaceae","Myrtales","m3",2009,"NE","Aquilaria filaria","not threatened",1113.01436327739
"43","Aquilaria filaria","Thymelaeaceae","Myrtales","m3",2010,"NE","Aquilaria filaria","not threatened",506.065646594274
"44","Aquilaria filaria","Thymelaeaceae","Myrtales","m3",2011,"NE","Aquilaria filaria","not threatened",1016.72369200395
"45","Aquilaria filaria","Thymelaeaceae","Myrtales","m3",2012,"NE","Aquilaria filaria","not threatened",386.753928923988
"46","Aquilaria filaria","Thymelaeaceae","Myrtales","m3",2013,"NE","Aquilaria filaria","not threatened",1095.25957551826
"47","Aquilaria filaria","Thymelaeaceae","Myrtales","m3",2014,"NE","Aquilaria filaria","not threatened",636.044422507403
"48","Aquilaria filaria","Thymelaeaceae","Myrtales","m3",2015,"NE","Aquilaria filaria","not threatened",316.116485686081
"49","Aquilaria filaria","Thymelaeaceae","Myrtales","m3",2016,"NE","Aquilaria filaria","not threatened",468.527147087857
"50","Aquilaria filaria","Thymelaeaceae","Myrtales","m3",2017,"NE","Aquilaria filaria","not threatened",426.884540967423
"51","Aquilaria filaria","Thymelaeaceae","Myrtales","m3",2018,"VU","Aquilaria filaria","threatened",1419.00774432379
"52","Aquilaria filaria","Thymelaeaceae","Myrtales","m3",2019,"VU","Aquilaria filaria","threatened",1540.65069891412
"53","Aquilaria filaria","Thymelaeaceae","Myrtales","m3",2020,"VU","Aquilaria filaria","threatened",1355.79387956565
"54","Aquilaria malaccensis","Thymelaeaceae","Myrtales","m3",2000,"VU","Aquilaria malaccensis","threatened",208.625
"55","Aquilaria malaccensis","Thymelaeaceae","Myrtales","m3",2001,"VU","Aquilaria malaccensis","threatened",68.04375
"56","Aquilaria malaccensis","Thymelaeaceae","Myrtales","m3",2002,"VU","Aquilaria malaccensis","threatened",440.819375
"57","Aquilaria malaccensis","Thymelaeaceae","Myrtales","m3",2003,"VU","Aquilaria malaccensis","threatened",1003.813125
"58","Aquilaria malaccensis","Thymelaeaceae","Myrtales","m3",2004,"VU","Aquilaria malaccensis","threatened",656.1121875
"59","Aquilaria malaccensis","Thymelaeaceae","Myrtales","m3",2005,"VU","Aquilaria malaccensis","threatened",567.1545625
"60","Aquilaria malaccensis","Thymelaeaceae","Myrtales","m3",2006,"VU","Aquilaria malaccensis","threatened",643.205578125
"61","Aquilaria malaccensis","Thymelaeaceae","Myrtales","m3",2007,"VU","Aquilaria malaccensis","threatened",662.24525
"62","Aquilaria malaccensis","Thymelaeaceae","Myrtales","m3",2008,"VU","Aquilaria malaccensis","threatened",638.16053125
"63","Aquilaria malaccensis","Thymelaeaceae","Myrtales","m3",2009,"VU","Aquilaria malaccensis","threatened",567.044828125
"64","Aquilaria malaccensis","Thymelaeaceae","Myrtales","m3",2010,"VU","Aquilaria malaccensis","threatened",611.4454375
"65","Aquilaria malaccensis","Thymelaeaceae","Myrtales","m3",2011,"VU","Aquilaria malaccensis","threatened",1057.01659375
"66","Aquilaria malaccensis","Thymelaeaceae","Myrtales","m3",2012,"VU","Aquilaria malaccensis","threatened",569.17643625
"67","Aquilaria malaccensis","Thymelaeaceae","Myrtales","m3",2013,"VU","Aquilaria malaccensis","threatened",767.549921875
"68","Aquilaria malaccensis","Thymelaeaceae","Myrtales","m3",2014,"VU","Aquilaria malaccensis","threatened",453.75715625
"69","Aquilaria malaccensis","Thymelaeaceae","Myrtales","m3",2015,"VU","Aquilaria malaccensis","threatened",267.93559375
"70","Aquilaria malaccensis","Thymelaeaceae","Myrtales","m3",2016,"VU","Aquilaria malaccensis","threatened",316.506703125
"71","Aquilaria malaccensis","Thymelaeaceae","Myrtales","m3",2017,"VU","Aquilaria malaccensis","threatened",362.98671875
"72","Aquilaria malaccensis","Thymelaeaceae","Myrtales","m3",2018,"CR","Aquilaria malaccensis","threatened",311.52875
"73","Aquilaria malaccensis","Thymelaeaceae","Myrtales","m3",2019,"CR","Aquilaria malaccensis","threatened",384.856875
"74","Aquilaria malaccensis","Thymelaeaceae","Myrtales","m3",2020,"CR","Aquilaria malaccensis","threatened",171.5171875
"75","Aquilaria microcarpa","Thymelaeaceae","Myrtales","m3",2005,"VU","Aquilaria microcarpa","threatened",0.296150049358341
"76","Aquilaria microcarpa","Thymelaeaceae","Myrtales","m3",2006,"VU","Aquilaria microcarpa","threatened",0
"77","Aquilaria microcarpa","Thymelaeaceae","Myrtales","m3",2007,"VU","Aquilaria microcarpa","threatened",0
"78","Aquilaria microcarpa","Thymelaeaceae","Myrtales","m3",2008,"VU","Aquilaria microcarpa","threatened",0
"79","Aquilaria microcarpa","Thymelaeaceae","Myrtales","m3",2009,"VU","Aquilaria microcarpa","threatened",0
"80","Aquilaria microcarpa","Thymelaeaceae","Myrtales","m3",2010,"VU","Aquilaria microcarpa","threatened",0
"81","Aquilaria microcarpa","Thymelaeaceae","Myrtales","m3",2011,"VU","Aquilaria microcarpa","threatened",0
"82","Aquilaria microcarpa","Thymelaeaceae","Myrtales","m3",2012,"VU","Aquilaria microcarpa","threatened",0
"83","Aquilaria microcarpa","Thymelaeaceae","Myrtales","m3",2013,"VU","Aquilaria microcarpa","threatened",0
"84","Aquilaria microcarpa","Thymelaeaceae","Myrtales","m3",2014,"VU","Aquilaria microcarpa","threatened",0
"85","Aquilaria microcarpa","Thymelaeaceae","Myrtales","m3",2015,"VU","Aquilaria microcarpa","threatened",0
"86","Aquilaria microcarpa","Thymelaeaceae","Myrtales","m3",2016,"VU","Aquilaria microcarpa","threatened",0
"87","Aquilaria microcarpa","Thymelaeaceae","Myrtales","m3",2017,"VU","Aquilaria microcarpa","threatened",0
"88","Aquilaria microcarpa","Thymelaeaceae","Myrtales","m3",2018,"EN","Aquilaria microcarpa","threatened",0.00592300098716683
"89","Aquilaria microcarpa","Thymelaeaceae","Myrtales","m3",2019,"EN","Aquilaria microcarpa","threatened",0
"90","Aquilaria microcarpa","Thymelaeaceae","Myrtales","m3",2020,"EN","Aquilaria microcarpa","threatened",0
"91","Bulnesia sarmientoi","Zygophyllaceae","Sapindales","m3",2008,"NT","Gonopterodendron sarmientoi","not threatened",1251.36666041739
"92","Bulnesia sarmientoi","Zygophyllaceae","Sapindales","m3",2009,"NT","Gonopterodendron sarmientoi","not threatened",724.181968523361
"93","Bulnesia sarmientoi","Zygophyllaceae","Sapindales","m3",2010,"NT","Gonopterodendron sarmientoi","not threatened",2068.72344762939
"94","Bulnesia sarmientoi","Zygophyllaceae","Sapindales","m3",2011,"NT","Gonopterodendron sarmientoi","not threatened",12805.9012043021
"95","Bulnesia sarmientoi","Zygophyllaceae","Sapindales","m3",2012,"NT","Gonopterodendron sarmientoi","not threatened",12491.3374567683
"96","Bulnesia sarmientoi","Zygophyllaceae","Sapindales","m3",2013,"NT","Gonopterodendron sarmientoi","not threatened",6937.67456707287
"97","Bulnesia sarmientoi","Zygophyllaceae","Sapindales","m3",2014,"NT","Gonopterodendron sarmientoi","not threatened",4787.83664388969
"98","Bulnesia sarmientoi","Zygophyllaceae","Sapindales","m3",2015,"NT","Gonopterodendron sarmientoi","not threatened",2453.25738946174
"99","Bulnesia sarmientoi","Zygophyllaceae","Sapindales","m3",2016,"NT","Gonopterodendron sarmientoi","not threatened",2048.79814169421
"100","Bulnesia sarmientoi","Zygophyllaceae","Sapindales","m3",2017,"NT","Gonopterodendron sarmientoi","not threatened",57324.6528807045
"101","Bulnesia sarmientoi","Zygophyllaceae","Sapindales","m3",2018,"EN","Gonopterodendron sarmientoi","threatened",2132.53177833144
"102","Bulnesia sarmientoi","Zygophyllaceae","Sapindales","m3",2019,"EN","Gonopterodendron sarmientoi","threatened",1652.28418131136
"103","Bulnesia sarmientoi","Zygophyllaceae","Sapindales","m3",2020,"EN","Gonopterodendron sarmientoi","threatened",3483.45956736889
"104","Carnegiea gigantea","Cactaceae","Caryophyllales","m3",2000,"NE","Carnegiea gigantea","not threatened",0
"105","Carnegiea gigantea","Cactaceae","Caryophyllales","m3",2001,"NE","Carnegiea gigantea","not threatened",0
"106","Carnegiea gigantea","Cactaceae","Caryophyllales","m3",2002,"NE","Carnegiea gigantea","not threatened",42.8148148148148
"107","Carnegiea gigantea","Cactaceae","Caryophyllales","m3",2003,"NE","Carnegiea gigantea","not threatened",6.2037037037037
"108","Carnegiea gigantea","Cactaceae","Caryophyllales","m3",2004,"NE","Carnegiea gigantea","not threatened",0
"109","Carnegiea gigantea","Cactaceae","Caryophyllales","m3",2005,"NE","Carnegiea gigantea","not threatened",0
"110","Carnegiea gigantea","Cactaceae","Caryophyllales","m3",2006,"NE","Carnegiea gigantea","not threatened",0
"111","Carnegiea gigantea","Cactaceae","Caryophyllales","m3",2007,"NE","Carnegiea gigantea","not threatened",0
"112","Carnegiea gigantea","Cactaceae","Caryophyllales","m3",2008,"NE","Carnegiea gigantea","not threatened",0
"113","Carnegiea gigantea","Cactaceae","Caryophyllales","m3",2009,"NE","Carnegiea gigantea","not threatened",0
"114","Carnegiea gigantea","Cactaceae","Caryophyllales","m3",2010,"NE","Carnegiea gigantea","not threatened",0
"115","Carnegiea gigantea","Cactaceae","Caryophyllales","m3",2011,"NE","Carnegiea gigantea","not threatened",5.18518518518519
"116","Carnegiea gigantea","Cactaceae","Caryophyllales","m3",2012,"NE","Carnegiea gigantea","not threatened",0
"117","Carnegiea gigantea","Cactaceae","Caryophyllales","m3",2013,"LC","Carnegiea gigantea","not threatened",0
"118","Carnegiea gigantea","Cactaceae","Caryophyllales","m3",2014,"LC","Carnegiea gigantea","not threatened",0
"119","Carnegiea gigantea","Cactaceae","Caryophyllales","m3",2015,"LC","Carnegiea gigantea","not threatened",0
"120","Carnegiea gigantea","Cactaceae","Caryophyllales","m3",2016,"LC","Carnegiea gigantea","not threatened",0
"121","Carnegiea gigantea","Cactaceae","Caryophyllales","m3",2017,"LC","Carnegiea gigantea","not threatened",0
"122","Carnegiea gigantea","Cactaceae","Caryophyllales","m3",2018,"LC","Carnegiea gigantea","not threatened",0
"123","Carnegiea gigantea","Cactaceae","Caryophyllales","m3",2019,"LC","Carnegiea gigantea","not threatened",0
"124","Carnegiea gigantea","Cactaceae","Caryophyllales","m3",2020,"LC","Carnegiea gigantea","not threatened",0
"125","Caryocar costaricense","Caryocaraceae","Theales","m3",2000,"VU","Caryocar costaricense","threatened",0
"126","Caryocar costaricense","Caryocaraceae","Theales","m3",2001,"VU","Caryocar costaricense","threatened",0
"127","Caryocar costaricense","Caryocaraceae","Theales","m3",2002,"VU","Caryocar costaricense","threatened",0
"128","Caryocar costaricense","Caryocaraceae","Theales","m3",2003,"VU","Caryocar costaricense","threatened",0
"129","Caryocar costaricense","Caryocaraceae","Theales","m3",2004,"VU","Caryocar costaricense","threatened",0
"130","Caryocar costaricense","Caryocaraceae","Theales","m3",2005,"VU","Caryocar costaricense","threatened",0
"131","Caryocar costaricense","Caryocaraceae","Theales","m3",2006,"VU","Caryocar costaricense","threatened",0
"132","Caryocar costaricense","Caryocaraceae","Theales","m3",2007,"VU","Caryocar costaricense","threatened",0
"133","Caryocar costaricense","Caryocaraceae","Theales","m3",2008,"VU","Caryocar costaricense","threatened",0
"134","Caryocar costaricense","Caryocaraceae","Theales","m3",2009,"VU","Caryocar costaricense","threatened",0
"135","Caryocar costaricense","Caryocaraceae","Theales","m3",2010,"VU","Caryocar costaricense","threatened",0
"136","Caryocar costaricense","Caryocaraceae","Theales","m3",2011,"VU","Caryocar costaricense","threatened",0
"137","Caryocar costaricense","Caryocaraceae","Theales","m3",2012,"VU","Caryocar costaricense","threatened",0
"138","Caryocar costaricense","Caryocaraceae","Theales","m3",2013,"VU","Caryocar costaricense","threatened",0
"139","Caryocar costaricense","Caryocaraceae","Theales","m3",2014,"VU","Caryocar costaricense","threatened",7
"140","Caryocar costaricense","Caryocaraceae","Theales","m3",2015,"VU","Caryocar costaricense","threatened",0
"141","Caryocar costaricense","Caryocaraceae","Theales","m3",2016,"VU","Caryocar costaricense","threatened",0
"142","Caryocar costaricense","Caryocaraceae","Theales","m3",2017,"VU","Caryocar costaricense","threatened",0
"143","Caryocar costaricense","Caryocaraceae","Theales","m3",2018,"EN","Caryocar costaricense","threatened",0
"144","Caryocar costaricense","Caryocaraceae","Theales","m3",2019,"EN","Caryocar costaricense","threatened",0
"145","Caryocar costaricense","Caryocaraceae","Theales","m3",2020,"EN","Caryocar costaricense","threatened",0
"146","Cedrela angustifolia","Meliaceae","Sapindales","m3",2010,"NE","Cedrela angustifolia","not threatened",0
"147","Cedrela angustifolia","Meliaceae","Sapindales","m3",2011,"NE","Cedrela angustifolia","not threatened",0
"148","Cedrela angustifolia","Meliaceae","Sapindales","m3",2012,"NE","Cedrela angustifolia","not threatened",0
"149","Cedrela angustifolia","Meliaceae","Sapindales","m3",2013,"NE","Cedrela angustifolia","not threatened",0
"150","Cedrela angustifolia","Meliaceae","Sapindales","m3",2014,"NE","Cedrela angustifolia","not threatened",0
"151","Cedrela angustifolia","Meliaceae","Sapindales","m3",2015,"NE","Cedrela angustifolia","not threatened",0
"152","Cedrela angustifolia","Meliaceae","Sapindales","m3",2016,"NE","Cedrela angustifolia","not threatened",0
"153","Cedrela angustifolia","Meliaceae","Sapindales","m3",2017,"NE","Cedrela angustifolia","not threatened",0
"154","Cedrela angustifolia","Meliaceae","Sapindales","m3",2018,"NE","Cedrela angustifolia","not threatened",0
"155","Cedrela angustifolia","Meliaceae","Sapindales","m3",2019,"NE","Cedrela angustifolia","not threatened",0
"156","Cedrela angustifolia","Meliaceae","Sapindales","m3",2020,"NE","Cedrela angustifolia","not threatened",2.15
"157","Cedrela fissilis","Meliaceae","Sapindales","m3",2010,"EN","Cedrela fissilis","threatened",0
"158","Cedrela fissilis","Meliaceae","Sapindales","m3",2011,"EN","Cedrela fissilis","threatened",0
"159","Cedrela fissilis","Meliaceae","Sapindales","m3",2012,"EN","Cedrela fissilis","threatened",3.69
"160","Cedrela fissilis","Meliaceae","Sapindales","m3",2013,"EN","Cedrela fissilis","threatened",28
"161","Cedrela fissilis","Meliaceae","Sapindales","m3",2014,"EN","Cedrela fissilis","threatened",0.665
"162","Cedrela fissilis","Meliaceae","Sapindales","m3",2015,"EN","Cedrela fissilis","threatened",0
"163","Cedrela fissilis","Meliaceae","Sapindales","m3",2016,"EN","Cedrela fissilis","threatened",0
"164","Cedrela fissilis","Meliaceae","Sapindales","m3",2017,"EN","Cedrela fissilis","threatened",0
"165","Cedrela fissilis","Meliaceae","Sapindales","m3",2018,"VU","Cedrela fissilis","threatened",0
"166","Cedrela fissilis","Meliaceae","Sapindales","m3",2019,"VU","Cedrela fissilis","threatened",0
"167","Cedrela fissilis","Meliaceae","Sapindales","m3",2020,"VU","Cedrela fissilis","threatened",0
"168","Cedrela odorata","Meliaceae","Sapindales","m3",2001,"VU","Cedrela odorata","threatened",307.73
"169","Cedrela odorata","Meliaceae","Sapindales","m3",2002,"VU","Cedrela odorata","threatened",5434.618
"170","Cedrela odorata","Meliaceae","Sapindales","m3",2003,"VU","Cedrela odorata","threatened",11527.468
"171","Cedrela odorata","Meliaceae","Sapindales","m3",2004,"VU","Cedrela odorata","threatened",26524.622
"172","Cedrela odorata","Meliaceae","Sapindales","m3",2005,"VU","Cedrela odorata","threatened",24224.6605
"173","Cedrela odorata","Meliaceae","Sapindales","m3",2006,"VU","Cedrela odorata","threatened",36098.5793
"174","Cedrela odorata","Meliaceae","Sapindales","m3",2007,"VU","Cedrela odorata","threatened",51268.0375
"175","Cedrela odorata","Meliaceae","Sapindales","m3",2008,"VU","Cedrela odorata","threatened",27629.8942
"176","Cedrela odorata","Meliaceae","Sapindales","m3",2009,"VU","Cedrela odorata","threatened",4169.7705458998
"177","Cedrela odorata","Meliaceae","Sapindales","m3",2010,"VU","Cedrela odorata","threatened",6595.6751
"178","Cedrela odorata","Meliaceae","Sapindales","m3",2011,"VU","Cedrela odorata","threatened",4611.5118
"179","Cedrela odorata","Meliaceae","Sapindales","m3",2012,"VU","Cedrela odorata","threatened",2110.413156276
"180","Cedrela odorata","Meliaceae","Sapindales","m3",2013,"VU","Cedrela odorata","threatened",4145.7063052
"181","Cedrela odorata","Meliaceae","Sapindales","m3",2014,"VU","Cedrela odorata","threatened",2039.009
"182","Cedrela odorata","Meliaceae","Sapindales","m3",2015,"VU","Cedrela odorata","threatened",2022.58040574926
"183","Cedrela odorata","Meliaceae","Sapindales","m3",2016,"VU","Cedrela odorata","threatened",2171.77
"184","Cedrela odorata","Meliaceae","Sapindales","m3",2017,"VU","Cedrela odorata","threatened",7818.3644
"185","Cedrela odorata","Meliaceae","Sapindales","m3",2018,"VU","Cedrela odorata","threatened",1536.148
"186","Cedrela odorata","Meliaceae","Sapindales","m3",2019,"VU","Cedrela odorata","threatened",8850.519
"187","Cedrela odorata","Meliaceae","Sapindales","m3",2020,"VU","Cedrela odorata","threatened",976.666
"188","Cylindropuntia cholla","Cactaceae","Caryophyllales","m3",2000,"NE","Cylindropuntia cholla","not threatened",0
"189","Cylindropuntia cholla","Cactaceae","Caryophyllales","m3",2001,"NE","Cylindropuntia cholla","not threatened",0
"190","Cylindropuntia cholla","Cactaceae","Caryophyllales","m3",2002,"NE","Cylindropuntia cholla","not threatened",0
"191","Cylindropuntia cholla","Cactaceae","Caryophyllales","m3",2003,"NE","Cylindropuntia cholla","not threatened",0
"192","Cylindropuntia cholla","Cactaceae","Caryophyllales","m3",2004,"NE","Cylindropuntia cholla","not threatened",3.51851851851852
"193","Cylindropuntia cholla","Cactaceae","Caryophyllales","m3",2005,"NE","Cylindropuntia cholla","not threatened",0
"194","Cylindropuntia cholla","Cactaceae","Caryophyllales","m3",2006,"NE","Cylindropuntia cholla","not threatened",0
"195","Cylindropuntia cholla","Cactaceae","Caryophyllales","m3",2007,"NE","Cylindropuntia cholla","not threatened",0
"196","Cylindropuntia cholla","Cactaceae","Caryophyllales","m3",2008,"NE","Cylindropuntia cholla","not threatened",0
"197","Cylindropuntia cholla","Cactaceae","Caryophyllales","m3",2009,"NE","Cylindropuntia cholla","not threatened",0
"198","Cylindropuntia cholla","Cactaceae","Caryophyllales","m3",2010,"NE","Cylindropuntia cholla","not threatened",0
"199","Cylindropuntia cholla","Cactaceae","Caryophyllales","m3",2011,"NE","Cylindropuntia cholla","not threatened",0
"200","Cylindropuntia cholla","Cactaceae","Caryophyllales","m3",2012,"NE","Cylindropuntia cholla","not threatened",0
"201","Cylindropuntia cholla","Cactaceae","Caryophyllales","m3",2013,"LC","Cylindropuntia cholla","not threatened",0
"202","Cylindropuntia cholla","Cactaceae","Caryophyllales","m3",2014,"LC","Cylindropuntia cholla","not threatened",0
"203","Cylindropuntia cholla","Cactaceae","Caryophyllales","m3",2015,"LC","Cylindropuntia cholla","not threatened",0
"204","Cylindropuntia cholla","Cactaceae","Caryophyllales","m3",2016,"LC","Cylindropuntia cholla","not threatened",0
"205","Cylindropuntia cholla","Cactaceae","Caryophyllales","m3",2017,"LC","Cylindropuntia cholla","not threatened",0
"206","Cylindropuntia cholla","Cactaceae","Caryophyllales","m3",2018,"LC","Cylindropuntia cholla","not threatened",0
"207","Cylindropuntia cholla","Cactaceae","Caryophyllales","m3",2019,"LC","Cylindropuntia cholla","not threatened",0
"208","Cylindropuntia cholla","Cactaceae","Caryophyllales","m3",2020,"LC","Cylindropuntia cholla","not threatened",0
"209","Dalbergia bariensis","Leguminosae","Fabales","m3",2013,"NE","Dalbergia oliveri","not threatened",0
"210","Dalbergia bariensis","Leguminosae","Fabales","m3",2014,"NE","Dalbergia oliveri","not threatened",0
"211","Dalbergia bariensis","Leguminosae","Fabales","m3",2015,"NE","Dalbergia oliveri","not threatened",0
"212","Dalbergia bariensis","Leguminosae","Fabales","m3",2016,"NE","Dalbergia oliveri","not threatened",0
"213","Dalbergia bariensis","Leguminosae","Fabales","m3",2017,"NE","Dalbergia oliveri","not threatened",745
"214","Dalbergia bariensis","Leguminosae","Fabales","m3",2018,"NE","Dalbergia oliveri","not threatened",142.5
"215","Dalbergia bariensis","Leguminosae","Fabales","m3",2019,"NE","Dalbergia oliveri","not threatened",0
"216","Dalbergia bariensis","Leguminosae","Fabales","m3",2020,"NE","Dalbergia oliveri","not threatened",0
"217","Dalbergia calderonii","Leguminosae","Fabales","m3",2013,"NE","Dalbergia calderonii","not threatened",0
"218","Dalbergia calderonii","Leguminosae","Fabales","m3",2014,"NE","Dalbergia calderonii","not threatened",0
"219","Dalbergia calderonii","Leguminosae","Fabales","m3",2015,"NE","Dalbergia calderonii","not threatened",0
"220","Dalbergia calderonii","Leguminosae","Fabales","m3",2016,"NE","Dalbergia calderonii","not threatened",0
"221","Dalbergia calderonii","Leguminosae","Fabales","m3",2017,"NE","Dalbergia calderonii","not threatened",0
"222","Dalbergia calderonii","Leguminosae","Fabales","m3",2018,"NE","Dalbergia calderonii","not threatened",0
"223","Dalbergia calderonii","Leguminosae","Fabales","m3",2019,"NE","Dalbergia calderonii","not threatened",13.81
"224","Dalbergia calderonii","Leguminosae","Fabales","m3",2020,"CR","Dalbergia calderonii","threatened",0
"225","Dalbergia cochinchinensis","Leguminosae","Fabales","m3",2013,"NE","Dalbergia cochinchinensis","not threatened",2423.516
"226","Dalbergia cochinchinensis","Leguminosae","Fabales","m3",2014,"NE","Dalbergia cochinchinensis","not threatened",58909.23
"227","Dalbergia cochinchinensis","Leguminosae","Fabales","m3",2015,"NE","Dalbergia cochinchinensis","not threatened",9794.952
"228","Dalbergia cochinchinensis","Leguminosae","Fabales","m3",2016,"NE","Dalbergia cochinchinensis","not threatened",6019.65001363636
"229","Dalbergia cochinchinensis","Leguminosae","Fabales","m3",2017,"NE","Dalbergia cochinchinensis","not threatened",157.985
"230","Dalbergia cochinchinensis","Leguminosae","Fabales","m3",2018,"NE","Dalbergia cochinchinensis","not threatened",0
"231","Dalbergia cochinchinensis","Leguminosae","Fabales","m3",2019,"NE","Dalbergia cochinchinensis","not threatened",0
"232","Dalbergia cochinchinensis","Leguminosae","Fabales","m3",2020,"NE","Dalbergia cochinchinensis","not threatened",0
"233","Dalbergia granadillo","Leguminosae","Fabales","m3",2013,"NE","Dalbergia granadillo","not threatened",0
"234","Dalbergia granadillo","Leguminosae","Fabales","m3",2014,"NE","Dalbergia granadillo","not threatened",0
"235","Dalbergia granadillo","Leguminosae","Fabales","m3",2015,"NE","Dalbergia granadillo","not threatened",0
"236","Dalbergia granadillo","Leguminosae","Fabales","m3",2016,"NE","Dalbergia granadillo","not threatened",0
"237","Dalbergia granadillo","Leguminosae","Fabales","m3",2017,"NE","Dalbergia granadillo","not threatened",16.143
"238","Dalbergia granadillo","Leguminosae","Fabales","m3",2018,"NE","Dalbergia granadillo","not threatened",71.038
"239","Dalbergia granadillo","Leguminosae","Fabales","m3",2019,"CR","Dalbergia granadillo","threatened",0
"240","Dalbergia granadillo","Leguminosae","Fabales","m3",2020,"CR","Dalbergia granadillo","threatened",255.4
"241","Dalbergia lactea","Leguminosae","Fabales","m3",2013,"NE","Dalbergia lactea","not threatened",0
"242","Dalbergia lactea","Leguminosae","Fabales","m3",2014,"NE","Dalbergia lactea","not threatened",0
"243","Dalbergia lactea","Leguminosae","Fabales","m3",2015,"NE","Dalbergia lactea","not threatened",0
"244","Dalbergia lactea","Leguminosae","Fabales","m3",2016,"NE","Dalbergia lactea","not threatened",0
"245","Dalbergia lactea","Leguminosae","Fabales","m3",2017,"NE","Dalbergia lactea","not threatened",0
"246","Dalbergia lactea","Leguminosae","Fabales","m3",2018,"NE","Dalbergia lactea","not threatened",0.959253900821293
"247","Dalbergia lactea","Leguminosae","Fabales","m3",2019,"NE","Dalbergia lactea","not threatened",0
"248","Dalbergia lactea","Leguminosae","Fabales","m3",2020,"NE","Dalbergia lactea","not threatened",0
"249","Dalbergia latifolia","Leguminosae","Fabales","m3",2013,"VU","Dalbergia latifolia","threatened",0
"250","Dalbergia latifolia","Leguminosae","Fabales","m3",2014,"VU","Dalbergia latifolia","threatened",0
"251","Dalbergia latifolia","Leguminosae","Fabales","m3",2015,"VU","Dalbergia latifolia","threatened",0
"252","Dalbergia latifolia","Leguminosae","Fabales","m3",2016,"VU","Dalbergia latifolia","threatened",0
"253","Dalbergia latifolia","Leguminosae","Fabales","m3",2017,"VU","Dalbergia latifolia","threatened",177820.286864037
"254","Dalbergia latifolia","Leguminosae","Fabales","m3",2018,"VU","Dalbergia latifolia","threatened",12768.3888856935
"255","Dalbergia latifolia","Leguminosae","Fabales","m3",2019,"VU","Dalbergia latifolia","threatened",72.3781130349014
"256","Dalbergia latifolia","Leguminosae","Fabales","m3",2020,"VU","Dalbergia latifolia","threatened",151.9221
"257","Dalbergia melanoxylon","Leguminosae","Fabales","m3",2013,"NT","Dalbergia melanoxylon","not threatened",0
"258","Dalbergia melanoxylon","Leguminosae","Fabales","m3",2014,"NT","Dalbergia melanoxylon","not threatened",0
"259","Dalbergia melanoxylon","Leguminosae","Fabales","m3",2015,"NT","Dalbergia melanoxylon","not threatened",0
"260","Dalbergia melanoxylon","Leguminosae","Fabales","m3",2016,"NT","Dalbergia melanoxylon","not threatened",0
"261","Dalbergia melanoxylon","Leguminosae","Fabales","m3",2017,"NT","Dalbergia melanoxylon","not threatened",6537.644
"262","Dalbergia melanoxylon","Leguminosae","Fabales","m3",2018,"NT","Dalbergia melanoxylon","not threatened",23795.8527736028
"263","Dalbergia melanoxylon","Leguminosae","Fabales","m3",2019,"NT","Dalbergia melanoxylon","not threatened",13474.1771557701
"264","Dalbergia melanoxylon","Leguminosae","Fabales","m3",2020,"NT","Dalbergia melanoxylon","not threatened",8716.4005
"265","Dalbergia nigra","Leguminosae","Fabales","m3",2000,"VU","Dalbergia nigra","threatened",0
"266","Dalbergia nigra","Leguminosae","Fabales","m3",2001,"VU","Dalbergia nigra","threatened",0
"267","Dalbergia nigra","Leguminosae","Fabales","m3",2002,"VU","Dalbergia nigra","threatened",0
"268","Dalbergia nigra","Leguminosae","Fabales","m3",2003,"VU","Dalbergia nigra","threatened",0
"269","Dalbergia nigra","Leguminosae","Fabales","m3",2004,"VU","Dalbergia nigra","threatened",0
"270","Dalbergia nigra","Leguminosae","Fabales","m3",2005,"VU","Dalbergia nigra","threatened",0
"271","Dalbergia nigra","Leguminosae","Fabales","m3",2006,"VU","Dalbergia nigra","threatened",0
"272","Dalbergia nigra","Leguminosae","Fabales","m3",2007,"VU","Dalbergia nigra","threatened",0.0243475614395496
"273","Dalbergia nigra","Leguminosae","Fabales","m3",2008,"VU","Dalbergia nigra","threatened",0
"274","Dalbergia nigra","Leguminosae","Fabales","m3",2009,"VU","Dalbergia nigra","threatened",0
"275","Dalbergia nigra","Leguminosae","Fabales","m3",2010,"VU","Dalbergia nigra","threatened",0
"276","Dalbergia nigra","Leguminosae","Fabales","m3",2011,"VU","Dalbergia nigra","threatened",2
"277","Dalbergia nigra","Leguminosae","Fabales","m3",2012,"VU","Dalbergia nigra","threatened",0
"278","Dalbergia nigra","Leguminosae","Fabales","m3",2013,"VU","Dalbergia nigra","threatened",0
"279","Dalbergia nigra","Leguminosae","Fabales","m3",2014,"VU","Dalbergia nigra","threatened",2
"280","Dalbergia nigra","Leguminosae","Fabales","m3",2015,"VU","Dalbergia nigra","threatened",0
"281","Dalbergia nigra","Leguminosae","Fabales","m3",2016,"VU","Dalbergia nigra","threatened",0
"282","Dalbergia nigra","Leguminosae","Fabales","m3",2017,"VU","Dalbergia nigra","threatened",0
"283","Dalbergia nigra","Leguminosae","Fabales","m3",2018,"VU","Dalbergia nigra","threatened",0
"284","Dalbergia nigra","Leguminosae","Fabales","m3",2019,"VU","Dalbergia nigra","threatened",0
"285","Dalbergia nigra","Leguminosae","Fabales","m3",2020,"VU","Dalbergia nigra","threatened",0
"286","Dalbergia oliveri","Leguminosae","Fabales","m3",2013,"NE","Dalbergia oliveri","not threatened",0
"287","Dalbergia oliveri","Leguminosae","Fabales","m3",2014,"NE","Dalbergia oliveri","not threatened",0
"288","Dalbergia oliveri","Leguminosae","Fabales","m3",2015,"NE","Dalbergia oliveri","not threatened",0
"289","Dalbergia oliveri","Leguminosae","Fabales","m3",2016,"NE","Dalbergia oliveri","not threatened",0
"290","Dalbergia oliveri","Leguminosae","Fabales","m3",2017,"NE","Dalbergia oliveri","not threatened",6366.243
"291","Dalbergia oliveri","Leguminosae","Fabales","m3",2018,"NE","Dalbergia oliveri","not threatened",3193.475
"292","Dalbergia oliveri","Leguminosae","Fabales","m3",2019,"NE","Dalbergia oliveri","not threatened",550.81
"293","Dalbergia oliveri","Leguminosae","Fabales","m3",2020,"NE","Dalbergia oliveri","not threatened",0
"294","Dalbergia retusa","Leguminosae","Fabales","m3",2008,"VU","Dalbergia retusa","threatened",23.8
"295","Dalbergia retusa","Leguminosae","Fabales","m3",2009,"VU","Dalbergia retusa","threatened",0
"296","Dalbergia retusa","Leguminosae","Fabales","m3",2010,"VU","Dalbergia retusa","threatened",0
"297","Dalbergia retusa","Leguminosae","Fabales","m3",2011,"VU","Dalbergia retusa","threatened",0
"298","Dalbergia retusa","Leguminosae","Fabales","m3",2012,"VU","Dalbergia retusa","threatened",0
"299","Dalbergia retusa","Leguminosae","Fabales","m3",2013,"VU","Dalbergia retusa","threatened",2006.89
"300","Dalbergia retusa","Leguminosae","Fabales","m3",2014,"VU","Dalbergia retusa","threatened",18884.3059
"301","Dalbergia retusa","Leguminosae","Fabales","m3",2015,"VU","Dalbergia retusa","threatened",3861.317
"302","Dalbergia retusa","Leguminosae","Fabales","m3",2016,"VU","Dalbergia retusa","threatened",4853.672
"303","Dalbergia retusa","Leguminosae","Fabales","m3",2017,"VU","Dalbergia retusa","threatened",7849.79467617053
"304","Dalbergia retusa","Leguminosae","Fabales","m3",2018,"VU","Dalbergia retusa","threatened",32502.416
"305","Dalbergia retusa","Leguminosae","Fabales","m3",2019,"VU","Dalbergia retusa","threatened",4850.091
"306","Dalbergia retusa","Leguminosae","Fabales","m3",2020,"CR","Dalbergia retusa","threatened",3056.385
"307","Dalbergia sissoo","Leguminosae","Fabales","m3",2013,"NE","Dalbergia sissoo","not threatened",0
"308","Dalbergia sissoo","Leguminosae","Fabales","m3",2014,"NE","Dalbergia sissoo","not threatened",0
"309","Dalbergia sissoo","Leguminosae","Fabales","m3",2015,"NE","Dalbergia sissoo","not threatened",0
"310","Dalbergia sissoo","Leguminosae","Fabales","m3",2016,"NE","Dalbergia sissoo","not threatened",0
"311","Dalbergia sissoo","Leguminosae","Fabales","m3",2017,"NE","Dalbergia sissoo","not threatened",79.067262676635
"312","Dalbergia sissoo","Leguminosae","Fabales","m3",2018,"NE","Dalbergia sissoo","not threatened",0.752798859783199
"313","Dalbergia sissoo","Leguminosae","Fabales","m3",2019,"NE","Dalbergia sissoo","not threatened",40.9798677787459
"314","Dalbergia sissoo","Leguminosae","Fabales","m3",2020,"LC","Dalbergia sissoo","not threatened",17.8820022474752
"315","Dalbergia stevensonii","Leguminosae","Fabales","m3",2008,"NE","Dalbergia stevensonii","not threatened",102.069
"316","Dalbergia stevensonii","Leguminosae","Fabales","m3",2009,"NE","Dalbergia stevensonii","not threatened",46.07409
"317","Dalbergia stevensonii","Leguminosae","Fabales","m3",2010,"NE","Dalbergia stevensonii","not threatened",46.5099
"318","Dalbergia stevensonii","Leguminosae","Fabales","m3",2011,"NE","Dalbergia stevensonii","not threatened",49.67
"319","Dalbergia stevensonii","Leguminosae","Fabales","m3",2012,"NE","Dalbergia stevensonii","not threatened",109.77
"320","Dalbergia stevensonii","Leguminosae","Fabales","m3",2013,"NE","Dalbergia stevensonii","not threatened",145.382
"321","Dalbergia stevensonii","Leguminosae","Fabales","m3",2014,"NE","Dalbergia stevensonii","not threatened",63.644
"322","Dalbergia stevensonii","Leguminosae","Fabales","m3",2015,"NE","Dalbergia stevensonii","not threatened",212.67474
"323","Dalbergia stevensonii","Leguminosae","Fabales","m3",2016,"NE","Dalbergia stevensonii","not threatened",130.11
"324","Dalbergia stevensonii","Leguminosae","Fabales","m3",2017,"NE","Dalbergia stevensonii","not threatened",136.39602
"325","Dalbergia stevensonii","Leguminosae","Fabales","m3",2018,"NE","Dalbergia stevensonii","not threatened",239.552151
"326","Dalbergia stevensonii","Leguminosae","Fabales","m3",2019,"NE","Dalbergia stevensonii","not threatened",156.13
"327","Dalbergia stevensonii","Leguminosae","Fabales","m3",2020,"NE","Dalbergia stevensonii","not threatened",48.03
"328","Dalbergia tucurensis","Leguminosae","Fabales","m3",2014,"NE","Dalbergia tucurensis","not threatened",1609.515
"329","Dalbergia tucurensis","Leguminosae","Fabales","m3",2015,"NE","Dalbergia tucurensis","not threatened",2137.875
"330","Dalbergia tucurensis","Leguminosae","Fabales","m3",2016,"NE","Dalbergia tucurensis","not threatened",185.247
"331","Dalbergia tucurensis","Leguminosae","Fabales","m3",2017,"NE","Dalbergia tucurensis","not threatened",505.086
"332","Dalbergia tucurensis","Leguminosae","Fabales","m3",2018,"NE","Dalbergia tucurensis","not threatened",1048.756
"333","Dalbergia tucurensis","Leguminosae","Fabales","m3",2019,"NE","Dalbergia tucurensis","not threatened",318.38
"334","Dalbergia tucurensis","Leguminosae","Fabales","m3",2020,"EN","Dalbergia tucurensis","threatened",39.293
"335","Diospyros mcphersonii","Ebenaceae","Ebenales","m3",2011,"NE","Diospyros mcphersonii","not threatened",0
"336","Diospyros mcphersonii","Ebenaceae","Ebenales","m3",2012,"NE","Diospyros mcphersonii","not threatened",0
"337","Diospyros mcphersonii","Ebenaceae","Ebenales","m3",2013,"NE","Diospyros mcphersonii","not threatened",0
"338","Diospyros mcphersonii","Ebenaceae","Ebenales","m3",2014,"NE","Diospyros mcphersonii","not threatened",0
"339","Diospyros mcphersonii","Ebenaceae","Ebenales","m3",2015,"NE","Diospyros mcphersonii","not threatened",0
"340","Diospyros mcphersonii","Ebenaceae","Ebenales","m3",2016,"NE","Diospyros mcphersonii","not threatened",0
"341","Diospyros mcphersonii","Ebenaceae","Ebenales","m3",2017,"NE","Diospyros mcphersonii","not threatened",2.118
"342","Diospyros mcphersonii","Ebenaceae","Ebenales","m3",2018,"NE","Diospyros mcphersonii","not threatened",0
"343","Diospyros mcphersonii","Ebenaceae","Ebenales","m3",2019,"EN","Diospyros mcphersonii","threatened",0
"344","Diospyros mcphersonii","Ebenaceae","Ebenales","m3",2020,"EN","Diospyros mcphersonii","threatened",0
"345","Dipteryx panamensis","Leguminosae","Fabales","m3",2003,"NE","Dipteryx oleifera","not threatened",0
"346","Dipteryx panamensis","Leguminosae","Fabales","m3",2004,"NE","Dipteryx oleifera","not threatened",0
"347","Dipteryx panamensis","Leguminosae","Fabales","m3",2005,"NE","Dipteryx oleifera","not threatened",0
"348","Dipteryx panamensis","Leguminosae","Fabales","m3",2006,"NE","Dipteryx oleifera","not threatened",0
"349","Dipteryx panamensis","Leguminosae","Fabales","m3",2007,"NE","Dipteryx oleifera","not threatened",0
"350","Dipteryx panamensis","Leguminosae","Fabales","m3",2008,"NE","Dipteryx oleifera","not threatened",0
"351","Dipteryx panamensis","Leguminosae","Fabales","m3",2009,"NE","Dipteryx oleifera","not threatened",0
"352","Dipteryx panamensis","Leguminosae","Fabales","m3",2010,"NE","Dipteryx oleifera","not threatened",33.3979829325058
"353","Dipteryx panamensis","Leguminosae","Fabales","m3",2011,"NE","Dipteryx oleifera","not threatened",0
"354","Dipteryx panamensis","Leguminosae","Fabales","m3",2012,"NE","Dipteryx oleifera","not threatened",0
"355","Dipteryx panamensis","Leguminosae","Fabales","m3",2013,"NE","Dipteryx oleifera","not threatened",0
"356","Dipteryx panamensis","Leguminosae","Fabales","m3",2014,"NE","Dipteryx oleifera","not threatened",0
"357","Dipteryx panamensis","Leguminosae","Fabales","m3",2015,"NE","Dipteryx oleifera","not threatened",0
"358","Dipteryx panamensis","Leguminosae","Fabales","m3",2016,"NE","Dipteryx oleifera","not threatened",0
"359","Dipteryx panamensis","Leguminosae","Fabales","m3",2017,"NE","Dipteryx oleifera","not threatened",19.55
"360","Dipteryx panamensis","Leguminosae","Fabales","m3",2018,"NE","Dipteryx oleifera","not threatened",21.4
"361","Dipteryx panamensis","Leguminosae","Fabales","m3",2019,"NE","Dipteryx oleifera","not threatened",0
"362","Dipteryx panamensis","Leguminosae","Fabales","m3",2020,"NE","Dipteryx oleifera","not threatened",0
"363","Fitzroya cupressoides","Cupressaceae","Pinales","m3",2000,"EN","Fitzroya cupressoides","threatened",0
"364","Fitzroya cupressoides","Cupressaceae","Pinales","m3",2001,"EN","Fitzroya cupressoides","threatened",0
"365","Fitzroya cupressoides","Cupressaceae","Pinales","m3",2002,"EN","Fitzroya cupressoides","threatened",0
"366","Fitzroya cupressoides","Cupressaceae","Pinales","m3",2003,"EN","Fitzroya cupressoides","threatened",0
"367","Fitzroya cupressoides","Cupressaceae","Pinales","m3",2004,"EN","Fitzroya cupressoides","threatened",34.4940867279895
"368","Fitzroya cupressoides","Cupressaceae","Pinales","m3",2005,"EN","Fitzroya cupressoides","threatened",0
"369","Fitzroya cupressoides","Cupressaceae","Pinales","m3",2006,"EN","Fitzroya cupressoides","threatened",0
"370","Fitzroya cupressoides","Cupressaceae","Pinales","m3",2007,"EN","Fitzroya cupressoides","threatened",0
"371","Fitzroya cupressoides","Cupressaceae","Pinales","m3",2008,"EN","Fitzroya cupressoides","threatened",0
"372","Fitzroya cupressoides","Cupressaceae","Pinales","m3",2009,"EN","Fitzroya cupressoides","threatened",0
"373","Fitzroya cupressoides","Cupressaceae","Pinales","m3",2010,"EN","Fitzroya cupressoides","threatened",0
"374","Fitzroya cupressoides","Cupressaceae","Pinales","m3",2011,"EN","Fitzroya cupressoides","threatened",0
"375","Fitzroya cupressoides","Cupressaceae","Pinales","m3",2012,"EN","Fitzroya cupressoides","threatened",0
"376","Fitzroya cupressoides","Cupressaceae","Pinales","m3",2013,"EN","Fitzroya cupressoides","threatened",0
"377","Fitzroya cupressoides","Cupressaceae","Pinales","m3",2014,"EN","Fitzroya cupressoides","threatened",0
"378","Fitzroya cupressoides","Cupressaceae","Pinales","m3",2015,"EN","Fitzroya cupressoides","threatened",0
"379","Fitzroya cupressoides","Cupressaceae","Pinales","m3",2016,"EN","Fitzroya cupressoides","threatened",0
"380","Fitzroya cupressoides","Cupressaceae","Pinales","m3",2017,"EN","Fitzroya cupressoides","threatened",0
"381","Fitzroya cupressoides","Cupressaceae","Pinales","m3",2018,"EN","Fitzroya cupressoides","threatened",0
"382","Fitzroya cupressoides","Cupressaceae","Pinales","m3",2019,"EN","Fitzroya cupressoides","threatened",0
"383","Fitzroya cupressoides","Cupressaceae","Pinales","m3",2020,"EN","Fitzroya cupressoides","threatened",0
"384","Fraxinus mandshurica","Oleaceae","Lamiales","m3",2014,"NE","Fraxinus mandshurica","not threatened",116978.613
"385","Fraxinus mandshurica","Oleaceae","Lamiales","m3",2015,"NE","Fraxinus mandshurica","not threatened",239061.874
"386","Fraxinus mandshurica","Oleaceae","Lamiales","m3",2016,"NE","Fraxinus mandshurica","not threatened",293037.68843
"387","Fraxinus mandshurica","Oleaceae","Lamiales","m3",2017,"NE","Fraxinus mandshurica","not threatened",254084.1017
"388","Fraxinus mandshurica","Oleaceae","Lamiales","m3",2018,"LC","Fraxinus mandshurica","not threatened",190171.5243
"389","Fraxinus mandshurica","Oleaceae","Lamiales","m3",2019,"LC","Fraxinus mandshurica","not threatened",171554.7853
"390","Fraxinus mandshurica","Oleaceae","Lamiales","m3",2020,"LC","Fraxinus mandshurica","not threatened",102965.278
"391","Gonystylus bancanus","Thymelaeaceae","Myrtales","m3",2001,"VU","Gonystylus bancanus","threatened",3031.45715384615
"392","Gonystylus bancanus","Thymelaeaceae","Myrtales","m3",2002,"VU","Gonystylus bancanus","threatened",13081.7424615385
"393","Gonystylus bancanus","Thymelaeaceae","Myrtales","m3",2003,"VU","Gonystylus bancanus","threatened",5945.391
"394","Gonystylus bancanus","Thymelaeaceae","Myrtales","m3",2004,"VU","Gonystylus bancanus","threatened",2400.6502
"395","Gonystylus bancanus","Thymelaeaceae","Myrtales","m3",2005,"VU","Gonystylus bancanus","threatened",3622.5756
"396","Gonystylus bancanus","Thymelaeaceae","Myrtales","m3",2006,"VU","Gonystylus bancanus","threatened",4064.5089
"397","Gonystylus bancanus","Thymelaeaceae","Myrtales","m3",2007,"VU","Gonystylus bancanus","threatened",5741.57770769231
"398","Gonystylus bancanus","Thymelaeaceae","Myrtales","m3",2008,"VU","Gonystylus bancanus","threatened",3116.72073076923
"399","Gonystylus bancanus","Thymelaeaceae","Myrtales","m3",2009,"VU","Gonystylus bancanus","threatened",2664.4079
"400","Gonystylus bancanus","Thymelaeaceae","Myrtales","m3",2010,"VU","Gonystylus bancanus","threatened",2144.6723134597
"401","Gonystylus bancanus","Thymelaeaceae","Myrtales","m3",2011,"VU","Gonystylus bancanus","threatened",1361.8641
"402","Gonystylus bancanus","Thymelaeaceae","Myrtales","m3",2012,"VU","Gonystylus bancanus","threatened",803.1016
"403","Gonystylus bancanus","Thymelaeaceae","Myrtales","m3",2013,"VU","Gonystylus bancanus","threatened",178.3551
"404","Gonystylus bancanus","Thymelaeaceae","Myrtales","m3",2014,"VU","Gonystylus bancanus","threatened",188.0527
"405","Gonystylus bancanus","Thymelaeaceae","Myrtales","m3",2015,"VU","Gonystylus bancanus","threatened",47.8195
"406","Gonystylus bancanus","Thymelaeaceae","Myrtales","m3",2016,"VU","Gonystylus bancanus","threatened",33.124504947
"407","Gonystylus bancanus","Thymelaeaceae","Myrtales","m3",2017,"VU","Gonystylus bancanus","threatened",32.9296
"408","Gonystylus bancanus","Thymelaeaceae","Myrtales","m3",2018,"CR","Gonystylus bancanus","threatened",27.8749
"409","Gonystylus bancanus","Thymelaeaceae","Myrtales","m3",2019,"CR","Gonystylus bancanus","threatened",0
"410","Gonystylus bancanus","Thymelaeaceae","Myrtales","m3",2020,"CR","Gonystylus bancanus","threatened",0
"411","Gonystylus macrophyllus","Thymelaeaceae","Myrtales","m3",2001,"VU","Gonystylus macrophyllus","threatened",0
"412","Gonystylus macrophyllus","Thymelaeaceae","Myrtales","m3",2002,"VU","Gonystylus macrophyllus","threatened",0
"413","Gonystylus macrophyllus","Thymelaeaceae","Myrtales","m3",2003,"VU","Gonystylus macrophyllus","threatened",0
"414","Gonystylus macrophyllus","Thymelaeaceae","Myrtales","m3",2004,"VU","Gonystylus macrophyllus","threatened",0
"415","Gonystylus macrophyllus","Thymelaeaceae","Myrtales","m3",2005,"VU","Gonystylus macrophyllus","threatened",0
"416","Gonystylus macrophyllus","Thymelaeaceae","Myrtales","m3",2006,"VU","Gonystylus macrophyllus","threatened",0
"417","Gonystylus macrophyllus","Thymelaeaceae","Myrtales","m3",2007,"VU","Gonystylus macrophyllus","threatened",0
"418","Gonystylus macrophyllus","Thymelaeaceae","Myrtales","m3",2008,"VU","Gonystylus macrophyllus","threatened",0
"419","Gonystylus macrophyllus","Thymelaeaceae","Myrtales","m3",2009,"VU","Gonystylus macrophyllus","threatened",0
"420","Gonystylus macrophyllus","Thymelaeaceae","Myrtales","m3",2010,"VU","Gonystylus macrophyllus","threatened",0
"421","Gonystylus macrophyllus","Thymelaeaceae","Myrtales","m3",2011,"VU","Gonystylus macrophyllus","threatened",0
"422","Gonystylus macrophyllus","Thymelaeaceae","Myrtales","m3",2012,"VU","Gonystylus macrophyllus","threatened",0
"423","Gonystylus macrophyllus","Thymelaeaceae","Myrtales","m3",2013,"VU","Gonystylus macrophyllus","threatened",0
"424","Gonystylus macrophyllus","Thymelaeaceae","Myrtales","m3",2014,"VU","Gonystylus macrophyllus","threatened",0
"425","Gonystylus macrophyllus","Thymelaeaceae","Myrtales","m3",2015,"VU","Gonystylus macrophyllus","threatened",0
"426","Gonystylus macrophyllus","Thymelaeaceae","Myrtales","m3",2016,"VU","Gonystylus macrophyllus","threatened",0
"427","Gonystylus macrophyllus","Thymelaeaceae","Myrtales","m3",2017,"VU","Gonystylus macrophyllus","threatened",0
"428","Gonystylus macrophyllus","Thymelaeaceae","Myrtales","m3",2018,"LC","Gonystylus macrophyllus","not threatened",1044.491
"429","Gonystylus macrophyllus","Thymelaeaceae","Myrtales","m3",2019,"LC","Gonystylus macrophyllus","not threatened",0
"430","Gonystylus macrophyllus","Thymelaeaceae","Myrtales","m3",2020,"LC","Gonystylus macrophyllus","not threatened",0
"431","Guaiacum coulteri","Zygophyllaceae","Sapindales","m3",2003,"NT","Guaiacum coulteri","not threatened",0
"432","Guaiacum coulteri","Zygophyllaceae","Sapindales","m3",2004,"NT","Guaiacum coulteri","not threatened",12.01
"433","Guaiacum coulteri","Zygophyllaceae","Sapindales","m3",2005,"NT","Guaiacum coulteri","not threatened",0
"434","Guaiacum coulteri","Zygophyllaceae","Sapindales","m3",2006,"NT","Guaiacum coulteri","not threatened",0
"435","Guaiacum coulteri","Zygophyllaceae","Sapindales","m3",2007,"NT","Guaiacum coulteri","not threatened",18.216
"436","Guaiacum coulteri","Zygophyllaceae","Sapindales","m3",2008,"NT","Guaiacum coulteri","not threatened",0
"437","Guaiacum coulteri","Zygophyllaceae","Sapindales","m3",2009,"NT","Guaiacum coulteri","not threatened",0
"438","Guaiacum coulteri","Zygophyllaceae","Sapindales","m3",2010,"NT","Guaiacum coulteri","not threatened",0
"439","Guaiacum coulteri","Zygophyllaceae","Sapindales","m3",2011,"NT","Guaiacum coulteri","not threatened",0
"440","Guaiacum coulteri","Zygophyllaceae","Sapindales","m3",2012,"NT","Guaiacum coulteri","not threatened",17.73
"441","Guaiacum coulteri","Zygophyllaceae","Sapindales","m3",2013,"NT","Guaiacum coulteri","not threatened",0
"442","Guaiacum coulteri","Zygophyllaceae","Sapindales","m3",2014,"NT","Guaiacum coulteri","not threatened",0
"443","Guaiacum coulteri","Zygophyllaceae","Sapindales","m3",2015,"NT","Guaiacum coulteri","not threatened",0
"444","Guaiacum coulteri","Zygophyllaceae","Sapindales","m3",2016,"NT","Guaiacum coulteri","not threatened",0
"445","Guaiacum coulteri","Zygophyllaceae","Sapindales","m3",2017,"VU","Guaiacum coulteri","threatened",0
"446","Guaiacum coulteri","Zygophyllaceae","Sapindales","m3",2018,"VU","Guaiacum coulteri","threatened",0
"447","Guaiacum coulteri","Zygophyllaceae","Sapindales","m3",2019,"VU","Guaiacum coulteri","threatened",0
"448","Guaiacum coulteri","Zygophyllaceae","Sapindales","m3",2020,"VU","Guaiacum coulteri","threatened",0
"449","Guaiacum officinale","Zygophyllaceae","Sapindales","m3",2000,"EN","Guaiacum officinale","threatened",0
"450","Guaiacum officinale","Zygophyllaceae","Sapindales","m3",2001,"EN","Guaiacum officinale","threatened",0
"451","Guaiacum officinale","Zygophyllaceae","Sapindales","m3",2002,"EN","Guaiacum officinale","threatened",0
"452","Guaiacum officinale","Zygophyllaceae","Sapindales","m3",2003,"EN","Guaiacum officinale","threatened",0
"453","Guaiacum officinale","Zygophyllaceae","Sapindales","m3",2004,"EN","Guaiacum officinale","threatened",0
"454","Guaiacum officinale","Zygophyllaceae","Sapindales","m3",2005,"EN","Guaiacum officinale","threatened",0
"455","Guaiacum officinale","Zygophyllaceae","Sapindales","m3",2006,"EN","Guaiacum officinale","threatened",0
"456","Guaiacum officinale","Zygophyllaceae","Sapindales","m3",2007,"EN","Guaiacum officinale","threatened",0
"457","Guaiacum officinale","Zygophyllaceae","Sapindales","m3",2008,"EN","Guaiacum officinale","threatened",0
"458","Guaiacum officinale","Zygophyllaceae","Sapindales","m3",2009,"EN","Guaiacum officinale","threatened",0
"459","Guaiacum officinale","Zygophyllaceae","Sapindales","m3",2010,"EN","Guaiacum officinale","threatened",0
"460","Guaiacum officinale","Zygophyllaceae","Sapindales","m3",2011,"EN","Guaiacum officinale","threatened",0
"461","Guaiacum officinale","Zygophyllaceae","Sapindales","m3",2012,"EN","Guaiacum officinale","threatened",0
"462","Guaiacum officinale","Zygophyllaceae","Sapindales","m3",2013,"EN","Guaiacum officinale","threatened",3
"463","Guaiacum officinale","Zygophyllaceae","Sapindales","m3",2014,"EN","Guaiacum officinale","threatened",0
"464","Guaiacum officinale","Zygophyllaceae","Sapindales","m3",2015,"EN","Guaiacum officinale","threatened",0
"465","Guaiacum officinale","Zygophyllaceae","Sapindales","m3",2016,"EN","Guaiacum officinale","threatened",0
"466","Guaiacum officinale","Zygophyllaceae","Sapindales","m3",2017,"EN","Guaiacum officinale","threatened",0
"467","Guaiacum officinale","Zygophyllaceae","Sapindales","m3",2018,"EN","Guaiacum officinale","threatened",0
"468","Guaiacum officinale","Zygophyllaceae","Sapindales","m3",2019,"EN","Guaiacum officinale","threatened",0
"469","Guaiacum officinale","Zygophyllaceae","Sapindales","m3",2020,"EN","Guaiacum officinale","threatened",0
"470","Guaiacum sanctum","Zygophyllaceae","Sapindales","m3",2000,"EN","Guaiacum sanctum","threatened",65.64
"471","Guaiacum sanctum","Zygophyllaceae","Sapindales","m3",2001,"EN","Guaiacum sanctum","threatened",6.51
"472","Guaiacum sanctum","Zygophyllaceae","Sapindales","m3",2002,"EN","Guaiacum sanctum","threatened",30.85
"473","Guaiacum sanctum","Zygophyllaceae","Sapindales","m3",2003,"EN","Guaiacum sanctum","threatened",62.86
"474","Guaiacum sanctum","Zygophyllaceae","Sapindales","m3",2004,"EN","Guaiacum sanctum","threatened",56.842
"475","Guaiacum sanctum","Zygophyllaceae","Sapindales","m3",2005,"EN","Guaiacum sanctum","threatened",66.928
"476","Guaiacum sanctum","Zygophyllaceae","Sapindales","m3",2006,"EN","Guaiacum sanctum","threatened",101.859
"477","Guaiacum sanctum","Zygophyllaceae","Sapindales","m3",2007,"EN","Guaiacum sanctum","threatened",116.786309904153
"478","Guaiacum sanctum","Zygophyllaceae","Sapindales","m3",2008,"EN","Guaiacum sanctum","threatened",21.708
"479","Guaiacum sanctum","Zygophyllaceae","Sapindales","m3",2009,"EN","Guaiacum sanctum","threatened",222.563322683706
"480","Guaiacum sanctum","Zygophyllaceae","Sapindales","m3",2010,"EN","Guaiacum sanctum","threatened",187.333846645367
"481","Guaiacum sanctum","Zygophyllaceae","Sapindales","m3",2011,"EN","Guaiacum sanctum","threatened",66.588
"482","Guaiacum sanctum","Zygophyllaceae","Sapindales","m3",2012,"EN","Guaiacum sanctum","threatened",95.426
"483","Guaiacum sanctum","Zygophyllaceae","Sapindales","m3",2013,"EN","Guaiacum sanctum","threatened",54.306
"484","Guaiacum sanctum","Zygophyllaceae","Sapindales","m3",2014,"EN","Guaiacum sanctum","threatened",73.821
"485","Guaiacum sanctum","Zygophyllaceae","Sapindales","m3",2015,"EN","Guaiacum sanctum","threatened",21.035
"486","Guaiacum sanctum","Zygophyllaceae","Sapindales","m3",2016,"EN","Guaiacum sanctum","threatened",76.509
"487","Guaiacum sanctum","Zygophyllaceae","Sapindales","m3",2017,"NT","Guaiacum sanctum","not threatened",102.178
"488","Guaiacum sanctum","Zygophyllaceae","Sapindales","m3",2018,"NT","Guaiacum sanctum","not threatened",16.758
"489","Guaiacum sanctum","Zygophyllaceae","Sapindales","m3",2019,"NT","Guaiacum sanctum","not threatened",47.049
"490","Guaiacum sanctum","Zygophyllaceae","Sapindales","m3",2020,"NT","Guaiacum sanctum","not threatened",97.246
"491","Guibourtia demeusei","Leguminosae","Fabales","m3",2017,"NE","Guibourtia demeusei","not threatened",1876.829
"492","Guibourtia demeusei","Leguminosae","Fabales","m3",2018,"NE","Guibourtia demeusei","not threatened",10975.73200015
"493","Guibourtia demeusei","Leguminosae","Fabales","m3",2019,"NE","Guibourtia demeusei","not threatened",8504.15661225515
"494","Guibourtia demeusei","Leguminosae","Fabales","m3",2020,"NE","Guibourtia demeusei","not threatened",10186.043
"495","Guibourtia pellegriniana","Leguminosae","Fabales","m3",2017,"NE","Guibourtia pellegriniana","not threatened",1433.142
"496","Guibourtia pellegriniana","Leguminosae","Fabales","m3",2018,"NE","Guibourtia pellegriniana","not threatened",210.9
"497","Guibourtia pellegriniana","Leguminosae","Fabales","m3",2019,"NE","Guibourtia pellegriniana","not threatened",0
"498","Guibourtia pellegriniana","Leguminosae","Fabales","m3",2020,"NE","Guibourtia pellegriniana","not threatened",0
"499","Guibourtia tessmannii","Leguminosae","Fabales","m3",2017,"NE","Guibourtia tessmannii","not threatened",6264.441
"500","Guibourtia tessmannii","Leguminosae","Fabales","m3",2018,"NE","Guibourtia tessmannii","not threatened",29110.501
"501","Guibourtia tessmannii","Leguminosae","Fabales","m3",2019,"NE","Guibourtia tessmannii","not threatened",10198.129
"502","Guibourtia tessmannii","Leguminosae","Fabales","m3",2020,"NE","Guibourtia tessmannii","not threatened",11850.9401
"503","Gyrinops caudata","Thymelaeaceae","Myrtales","m3",2005,"NE","Gyrinops caudata","not threatened",0
"504","Gyrinops caudata","Thymelaeaceae","Myrtales","m3",2006,"NE","Gyrinops caudata","not threatened",0
"505","Gyrinops caudata","Thymelaeaceae","Myrtales","m3",2007,"NE","Gyrinops caudata","not threatened",0
"506","Gyrinops caudata","Thymelaeaceae","Myrtales","m3",2008,"NE","Gyrinops caudata","not threatened",0
"507","Gyrinops caudata","Thymelaeaceae","Myrtales","m3",2009,"NE","Gyrinops caudata","not threatened",0
"508","Gyrinops caudata","Thymelaeaceae","Myrtales","m3",2010,"NE","Gyrinops caudata","not threatened",0
"509","Gyrinops caudata","Thymelaeaceae","Myrtales","m3",2011,"NE","Gyrinops caudata","not threatened",15.4128440366973
"510","Gyrinops caudata","Thymelaeaceae","Myrtales","m3",2012,"NE","Gyrinops caudata","not threatened",22.3505126821371
"511","Gyrinops caudata","Thymelaeaceae","Myrtales","m3",2013,"NE","Gyrinops caudata","not threatened",13.8904479222882
"512","Gyrinops caudata","Thymelaeaceae","Myrtales","m3",2014,"NE","Gyrinops caudata","not threatened",0
"513","Gyrinops caudata","Thymelaeaceae","Myrtales","m3",2015,"NE","Gyrinops caudata","not threatened",0
"514","Gyrinops caudata","Thymelaeaceae","Myrtales","m3",2016,"NE","Gyrinops caudata","not threatened",0
"515","Gyrinops caudata","Thymelaeaceae","Myrtales","m3",2017,"NE","Gyrinops caudata","not threatened",0
"516","Gyrinops caudata","Thymelaeaceae","Myrtales","m3",2018,"NE","Gyrinops caudata","not threatened",0
"517","Gyrinops caudata","Thymelaeaceae","Myrtales","m3",2019,"NE","Gyrinops caudata","not threatened",0
"518","Gyrinops caudata","Thymelaeaceae","Myrtales","m3",2020,"NE","Gyrinops caudata","not threatened",0
"519","Gyrinops ledermanii","Thymelaeaceae","Myrtales","m3",2005,"NE","Gyrinops ledermanii","not threatened",0
"520","Gyrinops ledermanii","Thymelaeaceae","Myrtales","m3",2006,"NE","Gyrinops ledermanii","not threatened",0
"521","Gyrinops ledermanii","Thymelaeaceae","Myrtales","m3",2007,"NE","Gyrinops ledermanii","not threatened",0
"522","Gyrinops ledermanii","Thymelaeaceae","Myrtales","m3",2008,"NE","Gyrinops ledermanii","not threatened",0
"523","Gyrinops ledermanii","Thymelaeaceae","Myrtales","m3",2009,"NE","Gyrinops ledermanii","not threatened",0
"524","Gyrinops ledermanii","Thymelaeaceae","Myrtales","m3",2010,"NE","Gyrinops ledermanii","not threatened",0
"525","Gyrinops ledermanii","Thymelaeaceae","Myrtales","m3",2011,"NE","Gyrinops ledermanii","not threatened",13.253912574204
"526","Gyrinops ledermanii","Thymelaeaceae","Myrtales","m3",2012,"NE","Gyrinops ledermanii","not threatened",0.963302752293579
"527","Gyrinops ledermanii","Thymelaeaceae","Myrtales","m3",2013,"NE","Gyrinops ledermanii","not threatened",0
"528","Gyrinops ledermanii","Thymelaeaceae","Myrtales","m3",2014,"NE","Gyrinops ledermanii","not threatened",0
"529","Gyrinops ledermanii","Thymelaeaceae","Myrtales","m3",2015,"NE","Gyrinops ledermanii","not threatened",0
"530","Gyrinops ledermanii","Thymelaeaceae","Myrtales","m3",2016,"NE","Gyrinops ledermanii","not threatened",0
"531","Gyrinops ledermanii","Thymelaeaceae","Myrtales","m3",2017,"NE","Gyrinops ledermanii","not threatened",0
"532","Gyrinops ledermanii","Thymelaeaceae","Myrtales","m3",2018,"NE","Gyrinops ledermanii","not threatened",0
"533","Gyrinops ledermanii","Thymelaeaceae","Myrtales","m3",2019,"NE","Gyrinops ledermanii","not threatened",0
"534","Gyrinops ledermanii","Thymelaeaceae","Myrtales","m3",2020,"NE","Gyrinops ledermanii","not threatened",0
"535","Gyrinops versteegii","Thymelaeaceae","Myrtales","m3",2005,"NE","Gyrinops versteegii","not threatened",0
"536","Gyrinops versteegii","Thymelaeaceae","Myrtales","m3",2006,"NE","Gyrinops versteegii","not threatened",0
"537","Gyrinops versteegii","Thymelaeaceae","Myrtales","m3",2007,"NE","Gyrinops versteegii","not threatened",0
"538","Gyrinops versteegii","Thymelaeaceae","Myrtales","m3",2008,"NE","Gyrinops versteegii","not threatened",0
"539","Gyrinops versteegii","Thymelaeaceae","Myrtales","m3",2009,"NE","Gyrinops versteegii","not threatened",18.7371829465732
"540","Gyrinops versteegii","Thymelaeaceae","Myrtales","m3",2010,"NE","Gyrinops versteegii","not threatened",0.239881273610362
"541","Gyrinops versteegii","Thymelaeaceae","Myrtales","m3",2011,"NE","Gyrinops versteegii","not threatened",0
"542","Gyrinops versteegii","Thymelaeaceae","Myrtales","m3",2012,"NE","Gyrinops versteegii","not threatened",0
"543","Gyrinops versteegii","Thymelaeaceae","Myrtales","m3",2013,"NE","Gyrinops versteegii","not threatened",0
"544","Gyrinops versteegii","Thymelaeaceae","Myrtales","m3",2014,"NE","Gyrinops versteegii","not threatened",0
"545","Gyrinops versteegii","Thymelaeaceae","Myrtales","m3",2015,"NE","Gyrinops versteegii","not threatened",4.7220723151646
"546","Gyrinops versteegii","Thymelaeaceae","Myrtales","m3",2016,"NE","Gyrinops versteegii","not threatened",0
"547","Gyrinops versteegii","Thymelaeaceae","Myrtales","m3",2017,"NE","Gyrinops versteegii","not threatened",0
"548","Gyrinops versteegii","Thymelaeaceae","Myrtales","m3",2018,"NE","Gyrinops versteegii","not threatened",0
"549","Gyrinops versteegii","Thymelaeaceae","Myrtales","m3",2019,"NE","Gyrinops versteegii","not threatened",6.04425256341069
"550","Gyrinops versteegii","Thymelaeaceae","Myrtales","m3",2020,"NE","Gyrinops versteegii","not threatened",96.1470588235295
"551","Osyris lanceolata","Santalaceae","Santanales","m3",2013,"NE","Osyris lanceolata","not threatened",0
"552","Osyris lanceolata","Santalaceae","Santanales","m3",2014,"NE","Osyris lanceolata","not threatened",0
"553","Osyris lanceolata","Santalaceae","Santanales","m3",2015,"NE","Osyris lanceolata","not threatened",0.35124199168259
"554","Osyris lanceolata","Santalaceae","Santanales","m3",2016,"NE","Osyris lanceolata","not threatened",0
"555","Osyris lanceolata","Santalaceae","Santanales","m3",2017,"NE","Osyris lanceolata","not threatened",70.2483983365179
"556","Osyris lanceolata","Santalaceae","Santanales","m3",2018,"LC","Osyris lanceolata","not threatened",105.372597504777
"557","Osyris lanceolata","Santalaceae","Santanales","m3",2019,"LC","Osyris lanceolata","not threatened",117.080663894197
"558","Osyris lanceolata","Santalaceae","Santanales","m3",2020,"LC","Osyris lanceolata","not threatened",80
"559","Paubrasilia echinata","Leguminosae","Fabales","m3",2007,"EN","Paubrasilia echinata","threatened",0
"560","Paubrasilia echinata","Leguminosae","Fabales","m3",2008,"EN","Paubrasilia echinata","threatened",0
"561","Paubrasilia echinata","Leguminosae","Fabales","m3",2009,"EN","Paubrasilia echinata","threatened",0
"562","Paubrasilia echinata","Leguminosae","Fabales","m3",2010,"EN","Paubrasilia echinata","threatened",0
"563","Paubrasilia echinata","Leguminosae","Fabales","m3",2011,"EN","Paubrasilia echinata","threatened",0
"564","Paubrasilia echinata","Leguminosae","Fabales","m3",2012,"EN","Paubrasilia echinata","threatened",0
"565","Paubrasilia echinata","Leguminosae","Fabales","m3",2013,"EN","Paubrasilia echinata","threatened",0
"566","Paubrasilia echinata","Leguminosae","Fabales","m3",2014,"EN","Paubrasilia echinata","threatened",0
"567","Paubrasilia echinata","Leguminosae","Fabales","m3",2015,"EN","Paubrasilia echinata","threatened",0
"568","Paubrasilia echinata","Leguminosae","Fabales","m3",2016,"EN","Paubrasilia echinata","threatened",0
"569","Paubrasilia echinata","Leguminosae","Fabales","m3",2017,"EN","Paubrasilia echinata","threatened",0.024
"570","Paubrasilia echinata","Leguminosae","Fabales","m3",2018,"EN","Paubrasilia echinata","threatened",0
"571","Paubrasilia echinata","Leguminosae","Fabales","m3",2019,"EN","Paubrasilia echinata","threatened",0
"572","Paubrasilia echinata","Leguminosae","Fabales","m3",2020,"EN","Paubrasilia echinata","threatened",0
"573","Pericopsis elata","Leguminosae","Fabales","m3",2000,"EN","Pericopsis elata","threatened",6781.393
"574","Pericopsis elata","Leguminosae","Fabales","m3",2001,"EN","Pericopsis elata","threatened",10713.723
"575","Pericopsis elata","Leguminosae","Fabales","m3",2002,"EN","Pericopsis elata","threatened",5958.053
"576","Pericopsis elata","Leguminosae","Fabales","m3",2003,"EN","Pericopsis elata","threatened",9641.131
"577","Pericopsis elata","Leguminosae","Fabales","m3",2004,"EN","Pericopsis elata","threatened",10150.5574715558
"578","Pericopsis elata","Leguminosae","Fabales","m3",2005,"EN","Pericopsis elata","threatened",13549.804
"579","Pericopsis elata","Leguminosae","Fabales","m3",2006,"EN","Pericopsis elata","threatened",12015.229
"580","Pericopsis elata","Leguminosae","Fabales","m3",2007,"EN","Pericopsis elata","threatened",15416.178
"581","Pericopsis elata","Leguminosae","Fabales","m3",2008,"EN","Pericopsis elata","threatened",9047.512
"582","Pericopsis elata","Leguminosae","Fabales","m3",2009,"EN","Pericopsis elata","threatened",5780.081
"583","Pericopsis elata","Leguminosae","Fabales","m3",2010,"EN","Pericopsis elata","threatened",12692.418
"584","Pericopsis elata","Leguminosae","Fabales","m3",2011,"EN","Pericopsis elata","threatened",12083.64697
"585","Pericopsis elata","Leguminosae","Fabales","m3",2012,"EN","Pericopsis elata","threatened",12022.65967
"586","Pericopsis elata","Leguminosae","Fabales","m3",2013,"EN","Pericopsis elata","threatened",22879.1680122
"587","Pericopsis elata","Leguminosae","Fabales","m3",2014,"EN","Pericopsis elata","threatened",38470.733
"588","Pericopsis elata","Leguminosae","Fabales","m3",2015,"EN","Pericopsis elata","threatened",15576.063
"589","Pericopsis elata","Leguminosae","Fabales","m3",2016,"EN","Pericopsis elata","threatened",11892.373
"590","Pericopsis elata","Leguminosae","Fabales","m3",2017,"EN","Pericopsis elata","threatened",25852.098
"591","Pericopsis elata","Leguminosae","Fabales","m3",2018,"EN","Pericopsis elata","threatened",24390.68699438
"592","Pericopsis elata","Leguminosae","Fabales","m3",2019,"EN","Pericopsis elata","threatened",78424.352
"593","Pericopsis elata","Leguminosae","Fabales","m3",2020,"EN","Pericopsis elata","threatened",35903.097
"594","Pinus koraiensis","Pinaceae","Pinales","m3",2010,"LC","Pinus koraiensis","not threatened",0
"595","Pinus koraiensis","Pinaceae","Pinales","m3",2011,"LC","Pinus koraiensis","not threatened",6216.7
"596","Pinus koraiensis","Pinaceae","Pinales","m3",2012,"LC","Pinus koraiensis","not threatened",0
"597","Pinus koraiensis","Pinaceae","Pinales","m3",2013,"LC","Pinus koraiensis","not threatened",0
"598","Pinus koraiensis","Pinaceae","Pinales","m3",2014,"LC","Pinus koraiensis","not threatened",0
"599","Pinus koraiensis","Pinaceae","Pinales","m3",2015,"LC","Pinus koraiensis","not threatened",1000
"600","Pinus koraiensis","Pinaceae","Pinales","m3",2016,"LC","Pinus koraiensis","not threatened",0
"601","Pinus koraiensis","Pinaceae","Pinales","m3",2017,"LC","Pinus koraiensis","not threatened",0
"602","Pinus koraiensis","Pinaceae","Pinales","m3",2018,"LC","Pinus koraiensis","not threatened",0
"603","Pinus koraiensis","Pinaceae","Pinales","m3",2019,"LC","Pinus koraiensis","not threatened",0
"604","Pinus koraiensis","Pinaceae","Pinales","m3",2020,"LC","Pinus koraiensis","not threatened",12075.3
"605","Platymiscium parviflorum","Leguminosae","Fabales","m3",2000,"NE","Platymiscium parviflorum","not threatened",0
"606","Platymiscium parviflorum","Leguminosae","Fabales","m3",2001,"NE","Platymiscium parviflorum","not threatened",0
"607","Platymiscium parviflorum","Leguminosae","Fabales","m3",2002,"NE","Platymiscium parviflorum","not threatened",0
"608","Platymiscium parviflorum","Leguminosae","Fabales","m3",2003,"NE","Platymiscium parviflorum","not threatened",0
"609","Platymiscium parviflorum","Leguminosae","Fabales","m3",2004,"NE","Platymiscium parviflorum","not threatened",0
"610","Platymiscium parviflorum","Leguminosae","Fabales","m3",2005,"NE","Platymiscium parviflorum","not threatened",0
"611","Platymiscium parviflorum","Leguminosae","Fabales","m3",2006,"NE","Platymiscium parviflorum","not threatened",0
"612","Platymiscium parviflorum","Leguminosae","Fabales","m3",2007,"NE","Platymiscium parviflorum","not threatened",0
"613","Platymiscium parviflorum","Leguminosae","Fabales","m3",2008,"NE","Platymiscium parviflorum","not threatened",0
"614","Platymiscium parviflorum","Leguminosae","Fabales","m3",2009,"NE","Platymiscium parviflorum","not threatened",0
"615","Platymiscium parviflorum","Leguminosae","Fabales","m3",2010,"NE","Platymiscium parviflorum","not threatened",0
"616","Platymiscium parviflorum","Leguminosae","Fabales","m3",2011,"NE","Platymiscium parviflorum","not threatened",0
"617","Platymiscium parviflorum","Leguminosae","Fabales","m3",2012,"NE","Platymiscium parviflorum","not threatened",0
"618","Platymiscium parviflorum","Leguminosae","Fabales","m3",2013,"NE","Platymiscium parviflorum","not threatened",1
"619","Platymiscium parviflorum","Leguminosae","Fabales","m3",2014,"NE","Platymiscium parviflorum","not threatened",4.997
"620","Platymiscium parviflorum","Leguminosae","Fabales","m3",2015,"NE","Platymiscium parviflorum","not threatened",0
"621","Platymiscium parviflorum","Leguminosae","Fabales","m3",2016,"NE","Platymiscium parviflorum","not threatened",0
"622","Platymiscium parviflorum","Leguminosae","Fabales","m3",2017,"NE","Platymiscium parviflorum","not threatened",0
"623","Platymiscium parviflorum","Leguminosae","Fabales","m3",2018,"CR","Platymiscium parviflorum","threatened",23.732
"624","Platymiscium parviflorum","Leguminosae","Fabales","m3",2019,"CR","Platymiscium parviflorum","threatened",24.115
"625","Platymiscium parviflorum","Leguminosae","Fabales","m3",2020,"CR","Platymiscium parviflorum","threatened",0
"626","Pterocarpus erinaceus","Leguminosae","Fabales","m3",2016,"NE","Pterocarpus erinaceus","not threatened",195797.087032931
"627","Pterocarpus erinaceus","Leguminosae","Fabales","m3",2017,"NE","Pterocarpus erinaceus","not threatened",900153.97808126
"628","Pterocarpus erinaceus","Leguminosae","Fabales","m3",2018,"EN","Pterocarpus erinaceus","threatened",708330.192715673
"629","Pterocarpus erinaceus","Leguminosae","Fabales","m3",2019,"EN","Pterocarpus erinaceus","threatened",447431.578
"630","Pterocarpus erinaceus","Leguminosae","Fabales","m3",2020,"EN","Pterocarpus erinaceus","threatened",299031.65
"631","Pterocarpus santalinus","Leguminosae","Fabales","m3",2000,"EN","Pterocarpus santalinus","threatened",0
"632","Pterocarpus santalinus","Leguminosae","Fabales","m3",2001,"EN","Pterocarpus santalinus","threatened",0
"633","Pterocarpus santalinus","Leguminosae","Fabales","m3",2002,"EN","Pterocarpus santalinus","threatened",0
"634","Pterocarpus santalinus","Leguminosae","Fabales","m3",2003,"EN","Pterocarpus santalinus","threatened",94.2266543648535
"635","Pterocarpus santalinus","Leguminosae","Fabales","m3",2004,"EN","Pterocarpus santalinus","threatened",0
"636","Pterocarpus santalinus","Leguminosae","Fabales","m3",2005,"EN","Pterocarpus santalinus","threatened",0
"637","Pterocarpus santalinus","Leguminosae","Fabales","m3",2006,"EN","Pterocarpus santalinus","threatened",2933.16
"638","Pterocarpus santalinus","Leguminosae","Fabales","m3",2007,"EN","Pterocarpus santalinus","threatened",24.5381912408473
"639","Pterocarpus santalinus","Leguminosae","Fabales","m3",2008,"EN","Pterocarpus santalinus","threatened",174.211342533519
"640","Pterocarpus santalinus","Leguminosae","Fabales","m3",2009,"EN","Pterocarpus santalinus","threatened",0
"641","Pterocarpus santalinus","Leguminosae","Fabales","m3",2010,"EN","Pterocarpus santalinus","threatened",0
"642","Pterocarpus santalinus","Leguminosae","Fabales","m3",2011,"EN","Pterocarpus santalinus","threatened",0
"643","Pterocarpus santalinus","Leguminosae","Fabales","m3",2012,"EN","Pterocarpus santalinus","threatened",0
"644","Pterocarpus santalinus","Leguminosae","Fabales","m3",2013,"EN","Pterocarpus santalinus","threatened",0
"645","Pterocarpus santalinus","Leguminosae","Fabales","m3",2014,"EN","Pterocarpus santalinus","threatened",0
"646","Pterocarpus santalinus","Leguminosae","Fabales","m3",2015,"EN","Pterocarpus santalinus","threatened",0
"647","Pterocarpus santalinus","Leguminosae","Fabales","m3",2016,"EN","Pterocarpus santalinus","threatened",48.163561767535
"648","Pterocarpus santalinus","Leguminosae","Fabales","m3",2017,"EN","Pterocarpus santalinus","threatened",0
"649","Pterocarpus santalinus","Leguminosae","Fabales","m3",2018,"NT","Pterocarpus santalinus","not threatened",0
"650","Pterocarpus santalinus","Leguminosae","Fabales","m3",2019,"NT","Pterocarpus santalinus","not threatened",0
"651","Pterocarpus santalinus","Leguminosae","Fabales","m3",2020,"NT","Pterocarpus santalinus","not threatened",0
"652","Pterocarpus tinctorius","Leguminosae","Fabales","m3",2019,"LC","Pterocarpus tinctorius","not threatened",1067.61
"653","Pterocarpus tinctorius","Leguminosae","Fabales","m3",2020,"LC","Pterocarpus tinctorius","not threatened",8769.8314
"654","Quercus mongolica","Fagaceae","Fagales","m3",2014,"NE","Quercus mongolica","not threatened",2018.738
"655","Quercus mongolica","Fagaceae","Fagales","m3",2015,"NE","Quercus mongolica","not threatened",414718.943
"656","Quercus mongolica","Fagaceae","Fagales","m3",2016,"NE","Quercus mongolica","not threatened",457895.13
"657","Quercus mongolica","Fagaceae","Fagales","m3",2017,"NE","Quercus mongolica","not threatened",437476.911
"658","Quercus mongolica","Fagaceae","Fagales","m3",2018,"LC","Quercus mongolica","not threatened",335928.431
"659","Quercus mongolica","Fagaceae","Fagales","m3",2019,"LC","Quercus mongolica","not threatened",351444.517
"660","Quercus mongolica","Fagaceae","Fagales","m3",2020,"LC","Quercus mongolica","not threatened",280625.587
"661","Swietenia humilis","Meliaceae","Sapindales","m3",2000,"VU","Swietenia humilis","threatened",0
"662","Swietenia humilis","Meliaceae","Sapindales","m3",2001,"VU","Swietenia humilis","threatened",0
"663","Swietenia humilis","Meliaceae","Sapindales","m3",2002,"VU","Swietenia humilis","threatened",0
"664","Swietenia humilis","Meliaceae","Sapindales","m3",2003,"VU","Swietenia humilis","threatened",0
"665","Swietenia humilis","Meliaceae","Sapindales","m3",2004,"VU","Swietenia humilis","threatened",0
"666","Swietenia humilis","Meliaceae","Sapindales","m3",2005,"VU","Swietenia humilis","threatened",0
"667","Swietenia humilis","Meliaceae","Sapindales","m3",2006,"VU","Swietenia humilis","threatened",0
"668","Swietenia humilis","Meliaceae","Sapindales","m3",2007,"VU","Swietenia humilis","threatened",121.1
"669","Swietenia humilis","Meliaceae","Sapindales","m3",2008,"VU","Swietenia humilis","threatened",23
"670","Swietenia humilis","Meliaceae","Sapindales","m3",2009,"VU","Swietenia humilis","threatened",271
"671","Swietenia humilis","Meliaceae","Sapindales","m3",2010,"VU","Swietenia humilis","threatened",127
"672","Swietenia humilis","Meliaceae","Sapindales","m3",2011,"VU","Swietenia humilis","threatened",0
"673","Swietenia humilis","Meliaceae","Sapindales","m3",2012,"VU","Swietenia humilis","threatened",0
"674","Swietenia humilis","Meliaceae","Sapindales","m3",2013,"VU","Swietenia humilis","threatened",0
"675","Swietenia humilis","Meliaceae","Sapindales","m3",2014,"VU","Swietenia humilis","threatened",47.2
"676","Swietenia humilis","Meliaceae","Sapindales","m3",2015,"VU","Swietenia humilis","threatened",0
"677","Swietenia humilis","Meliaceae","Sapindales","m3",2016,"VU","Swietenia humilis","threatened",3
"678","Swietenia humilis","Meliaceae","Sapindales","m3",2017,"VU","Swietenia humilis","threatened",0
"679","Swietenia humilis","Meliaceae","Sapindales","m3",2018,"VU","Swietenia humilis","threatened",0
"680","Swietenia humilis","Meliaceae","Sapindales","m3",2019,"EN","Swietenia humilis","threatened",0
"681","Swietenia humilis","Meliaceae","Sapindales","m3",2020,"EN","Swietenia humilis","threatened",0
"682","Swietenia macrophylla","Meliaceae","Sapindales","m3",2000,"VU","Swietenia macrophylla","threatened",82731.4234657006
"683","Swietenia macrophylla","Meliaceae","Sapindales","m3",2001,"VU","Swietenia macrophylla","threatened",98866.53
"684","Swietenia macrophylla","Meliaceae","Sapindales","m3",2002,"VU","Swietenia macrophylla","threatened",101037.48308
"685","Swietenia macrophylla","Meliaceae","Sapindales","m3",2003,"VU","Swietenia macrophylla","threatened",63016.187
"686","Swietenia macrophylla","Meliaceae","Sapindales","m3",2004,"VU","Swietenia macrophylla","threatened",342357.1927
"687","Swietenia macrophylla","Meliaceae","Sapindales","m3",2005,"VU","Swietenia macrophylla","threatened",37130.679
"688","Swietenia macrophylla","Meliaceae","Sapindales","m3",2006,"VU","Swietenia macrophylla","threatened",39149.146
"689","Swietenia macrophylla","Meliaceae","Sapindales","m3",2007,"VU","Swietenia macrophylla","threatened",30297.528
"690","Swietenia macrophylla","Meliaceae","Sapindales","m3",2008,"VU","Swietenia macrophylla","threatened",28215.790141212
"691","Swietenia macrophylla","Meliaceae","Sapindales","m3",2009,"VU","Swietenia macrophylla","threatened",12532.295
"692","Swietenia macrophylla","Meliaceae","Sapindales","m3",2010,"VU","Swietenia macrophylla","threatened",11803.797
"693","Swietenia macrophylla","Meliaceae","Sapindales","m3",2011,"VU","Swietenia macrophylla","threatened",7472.084
"694","Swietenia macrophylla","Meliaceae","Sapindales","m3",2012,"VU","Swietenia macrophylla","threatened",6657.843
"695","Swietenia macrophylla","Meliaceae","Sapindales","m3",2013,"VU","Swietenia macrophylla","threatened",8504.7337
"696","Swietenia macrophylla","Meliaceae","Sapindales","m3",2014,"VU","Swietenia macrophylla","threatened",5117.362
"697","Swietenia macrophylla","Meliaceae","Sapindales","m3",2015,"VU","Swietenia macrophylla","threatened",6471.5564
"698","Swietenia macrophylla","Meliaceae","Sapindales","m3",2016,"VU","Swietenia macrophylla","threatened",6512.995555
"699","Swietenia macrophylla","Meliaceae","Sapindales","m3",2017,"VU","Swietenia macrophylla","threatened",8321.16000240852
"700","Swietenia macrophylla","Meliaceae","Sapindales","m3",2018,"VU","Swietenia macrophylla","threatened",6032.494
"701","Swietenia macrophylla","Meliaceae","Sapindales","m3",2019,"VU","Swietenia macrophylla","threatened",2392.96
"702","Swietenia macrophylla","Meliaceae","Sapindales","m3",2020,"VU","Swietenia macrophylla","threatened",328.749
"703","Swietenia mahagoni","Meliaceae","Sapindales","m3",2000,"EN","Swietenia mahagoni","threatened",1.333
"704","Swietenia mahagoni","Meliaceae","Sapindales","m3",2001,"EN","Swietenia mahagoni","threatened",0
"705","Swietenia mahagoni","Meliaceae","Sapindales","m3",2002,"EN","Swietenia mahagoni","threatened",0
"706","Swietenia mahagoni","Meliaceae","Sapindales","m3",2003,"EN","Swietenia mahagoni","threatened",77.5702702702702
"707","Swietenia mahagoni","Meliaceae","Sapindales","m3",2004,"EN","Swietenia mahagoni","threatened",0
"708","Swietenia mahagoni","Meliaceae","Sapindales","m3",2005,"EN","Swietenia mahagoni","threatened",0
"709","Swietenia mahagoni","Meliaceae","Sapindales","m3",2006,"EN","Swietenia mahagoni","threatened",0
"710","Swietenia mahagoni","Meliaceae","Sapindales","m3",2007,"EN","Swietenia mahagoni","threatened",0
"711","Swietenia mahagoni","Meliaceae","Sapindales","m3",2008,"EN","Swietenia mahagoni","threatened",0
"712","Swietenia mahagoni","Meliaceae","Sapindales","m3",2009,"EN","Swietenia mahagoni","threatened",0
"713","Swietenia mahagoni","Meliaceae","Sapindales","m3",2010,"EN","Swietenia mahagoni","threatened",0
"714","Swietenia mahagoni","Meliaceae","Sapindales","m3",2011,"EN","Swietenia mahagoni","threatened",0
"715","Swietenia mahagoni","Meliaceae","Sapindales","m3",2012,"EN","Swietenia mahagoni","threatened",0
"716","Swietenia mahagoni","Meliaceae","Sapindales","m3",2013,"EN","Swietenia mahagoni","threatened",0
"717","Swietenia mahagoni","Meliaceae","Sapindales","m3",2014,"EN","Swietenia mahagoni","threatened",0
"718","Swietenia mahagoni","Meliaceae","Sapindales","m3",2015,"EN","Swietenia mahagoni","threatened",0
"719","Swietenia mahagoni","Meliaceae","Sapindales","m3",2016,"EN","Swietenia mahagoni","threatened",0
"720","Swietenia mahagoni","Meliaceae","Sapindales","m3",2017,"EN","Swietenia mahagoni","threatened",0
"721","Swietenia mahagoni","Meliaceae","Sapindales","m3",2018,"EN","Swietenia mahagoni","threatened",0
"722","Swietenia mahagoni","Meliaceae","Sapindales","m3",2019,"EN","Swietenia mahagoni","threatened",10.765
"723","Swietenia mahagoni","Meliaceae","Sapindales","m3",2020,"NT","Swietenia mahagoni","not threatened",0
"724","Taxus cuspidata","Taxaceae","Pinales","m3",2005,"LC","Taxus cuspidata","not threatened",0
"725","Taxus cuspidata","Taxaceae","Pinales","m3",2006,"LC","Taxus cuspidata","not threatened",0
"726","Taxus cuspidata","Taxaceae","Pinales","m3",2007,"LC","Taxus cuspidata","not threatened",50
"727","Taxus cuspidata","Taxaceae","Pinales","m3",2008,"LC","Taxus cuspidata","not threatened",0
"728","Taxus cuspidata","Taxaceae","Pinales","m3",2009,"LC","Taxus cuspidata","not threatened",0
"729","Taxus cuspidata","Taxaceae","Pinales","m3",2010,"LC","Taxus cuspidata","not threatened",0
"730","Taxus cuspidata","Taxaceae","Pinales","m3",2011,"LC","Taxus cuspidata","not threatened",15000
"731","Taxus cuspidata","Taxaceae","Pinales","m3",2012,"LC","Taxus cuspidata","not threatened",0.0092
"732","Taxus cuspidata","Taxaceae","Pinales","m3",2013,"LC","Taxus cuspidata","not threatened",9200
"733","Taxus cuspidata","Taxaceae","Pinales","m3",2014,"LC","Taxus cuspidata","not threatened",4600
"734","Taxus cuspidata","Taxaceae","Pinales","m3",2015,"LC","Taxus cuspidata","not threatened",0
"735","Taxus cuspidata","Taxaceae","Pinales","m3",2016,"LC","Taxus cuspidata","not threatened",100
"736","Taxus cuspidata","Taxaceae","Pinales","m3",2017,"LC","Taxus cuspidata","not threatened",0
"737","Taxus cuspidata","Taxaceae","Pinales","m3",2018,"LC","Taxus cuspidata","not threatened",0
"738","Taxus cuspidata","Taxaceae","Pinales","m3",2019,"LC","Taxus cuspidata","not threatened",0
"739","Taxus cuspidata","Taxaceae","Pinales","m3",2020,"LC","Taxus cuspidata","not threatened",0
