Trade purpose,Taxon,Family,Order,Order (APG V),
Live,Acanthophippium striatum,Orchidaceae,Orchidales,Asparagales,
Live,Acianthera miqueliana,Orchidaceae,Orchidales,Asparagales,
Live,Acianthera tikalensis,Orchidaceae,Orchidales,Asparagales,
Live,Acriopsis indica,Orchidaceae,Orchidales,Asparagales,
Live,Adenia firingalavensis,Passifloraceae,Violales,Malpighiales,
Live,Adenia olaboensis,Passifloraceae,Violales,Malpighiales,
Live,Aerangis articulata,Orchidaceae,Orchidales,Asparagales,
Live,Aerangis citrata,Orchidaceae,Orchidales,Asparagales,
Live,Aerangis cryptodon,Orchidaceae,Orchidales,Asparagales,
Live,Aerangis curnowiana,Orchidaceae,Orchidales,Asparagales,
Live,Aerangis decaryana,Orchidaceae,Orchidales,Asparagales,
Live,Aerangis ellisii,Orchidaceae,Orchidales,Asparagales,
Live,Aerangis fastuosa,Orchidaceae,Orchidales,Asparagales,
Live,Aerangis fuscata,Orchidaceae,Orchidales,Asparagales,
Live,Aerangis hyaloides,Orchidaceae,Orchidales,Asparagales,
Live,Aerangis macrocentra,Orchidaceae,Orchidales,Asparagales,
Live,Aerangis modesta,Orchidaceae,Orchidales,Asparagales,
Live,Aerangis pallidiflora,Orchidaceae,Orchidales,Asparagales,
Live,Aerangis punctata,Orchidaceae,Orchidales,Asparagales,
Live,Aerangis stylosa,Orchidaceae,Orchidales,Asparagales,
Live,Aeranthes arachnites,Orchidaceae,Orchidales,Asparagales,
Live,Aeranthes grandiflora,Orchidaceae,Orchidales,Asparagales,
Live,Aeranthes nidus,Orchidaceae,Orchidales,Asparagales,
Live,Aeranthes peyrotii,Orchidaceae,Orchidales,Asparagales,
Live,Aeranthes ramosa,Orchidaceae,Orchidales,Asparagales,
Live,Aerides crassifolia,Orchidaceae,Orchidales,Asparagales,
Live,Aerides falcata,Orchidaceae,Orchidales,Asparagales,
Live,Aerides multiflora,Orchidaceae,Orchidales,Asparagales,
Live,Aerides odorata,Orchidaceae,Orchidales,Asparagales,
Live,Aerides rubescens,Orchidaceae,Orchidales,Asparagales,
Live,Alluaudia comosa,Didiereaceae,Caryophyllales,Caryophyllales,
Live,Alluaudia procera,Didiereaceae,Caryophyllales,Caryophyllales,
Live,Alluaudiopsis fiherenensis,Didiereaceae,Caryophyllales,Caryophyllales,
Live,Aloe antandroi,Liliaceae,Liliales,Liliales,
Live,Aloe arborescens,Liliaceae,Liliales,Liliales,
Live,Aloe aristata,Liliaceae,Liliales,Liliales,
Live,Aloe barberae,Liliaceae,Liliales,Liliales,
Live,Aloe capitata,Liliaceae,Liliales,Liliales,
Live,Aloe conifera,Liliaceae,Liliales,Liliales,
Live,Aloe deltoideodonta,Liliaceae,Liliales,Liliales,
Live,Aloe dichotoma,Liliaceae,Liliales,Liliales,
Live,Aloe divaricata,Liliaceae,Liliales,Liliales,
Live,Aloe droseroides,Liliaceae,Liliales,Liliales,
Live,Aloe ecklonis,Liliaceae,Liliales,Liliales,
Live,Aloe erythrophylla,Liliaceae,Liliales,Liliales,
Live,Aloe ferox,Liliaceae,Liliales,Liliales,
Live,Aloe humbertii,Liliaceae,Liliales,Liliales,
Live,Aloe inexpectata,Liliaceae,Liliales,Liliales,
Live,Aloe plicatilis,Liliaceae,Liliales,Liliales,
Live,Aloe polyphylla,Liliaceae,Liliales,Liliales,
Live,Aloe pratensis,Liliaceae,Liliales,Liliales,
Live,Aloe pronkii,Liliaceae,Liliales,Liliales,
Live,Aloe vaombe,Liliaceae,Liliales,Liliales,
Live,Alsophila borinquena,Cyatheaceae,Cyatheales,Cyatheales,
Live,Alsophila cunninghamii,Cyatheaceae,Cyatheales,Cyatheales,
Live,Alsophila dregei,Cyatheaceae,Cyatheales,Cyatheales,
Live,Alsophila smithii,Cyatheaceae,Cyatheales,Cyatheales,
Live,Angraecum alleizettei,Orchidaceae,Orchidales,Asparagales,
Live,Angraecum ankeranense,Orchidaceae,Orchidales,Asparagales,
Live,Angraecum bicallosum,Orchidaceae,Orchidales,Asparagales,
Live,Angraecum breve,Orchidaceae,Orchidales,Asparagales,
Live,Angraecum clavigerum,Orchidaceae,Orchidales,Asparagales,
Live,Angraecum compactum,Orchidaceae,Orchidales,Asparagales,
Live,Angraecum coutrixii,Orchidaceae,Orchidales,Asparagales,
Live,Angraecum didieri,Orchidaceae,Orchidales,Asparagales,
Live,Angraecum dollii,Orchidaceae,Orchidales,Asparagales,
Live,Angraecum drouhardii,Orchidaceae,Orchidales,Asparagales,
Live,Angraecum eburneum,Orchidaceae,Orchidales,Asparagales,
Live,Angraecum elephantinum,Orchidaceae,Orchidales,Asparagales,
Live,Angraecum equitans,Orchidaceae,Orchidales,Asparagales,
Live,Angraecum filicornu,Orchidaceae,Orchidales,Asparagales,
Live,Angraecum germinyanum,Orchidaceae,Orchidales,Asparagales,
Live,Angraecum gracile,Orchidaceae,Orchidales,Asparagales,
Live,Angraecum humblotianum,Orchidaceae,Orchidales,Asparagales,
Live,Angraecum lecomtei,Orchidaceae,Orchidales,Asparagales,
Live,Angraecum leonis,Orchidaceae,Orchidales,Asparagales,
Live,Angraecum magdalenae,Orchidaceae,Orchidales,Asparagales,
Live,Angraecum mahavavense,Orchidaceae,Orchidales,Asparagales,
Live,Angraecum obesum,Orchidaceae,Orchidales,Asparagales,
Live,Angraecum pinifolium,Orchidaceae,Orchidales,Asparagales,
Live,Angraecum popowii,Orchidaceae,Orchidales,Asparagales,
Live,Angraecum praestans,Orchidaceae,Orchidales,Asparagales,
Live,Angraecum protensum,Orchidaceae,Orchidales,Asparagales,
Live,Angraecum pseudofilicornu,Orchidaceae,Orchidales,Asparagales,
Live,Angraecum ramosum,Orchidaceae,Orchidales,Asparagales,
Live,Angraecum rutenbergianum,Orchidaceae,Orchidales,Asparagales,
Live,Angraecum scottianum,Orchidaceae,Orchidales,Asparagales,
Live,Angraecum sesquipedale,Orchidaceae,Orchidales,Asparagales,
Live,Angraecum sororium,Orchidaceae,Orchidales,Asparagales,
Live,Angraecum teretifolium,Orchidaceae,Orchidales,Asparagales,
Live,Angraecum triquetrum,Orchidaceae,Orchidales,Asparagales,
Live,Angraecum urschianum,Orchidaceae,Orchidales,Asparagales,
Live,Angraecum viguieri,Orchidaceae,Orchidales,Asparagales,
Live,Anoectochilus brevilabris,Orchidaceae,Orchidales,Asparagales,
Live,Aquilaria beccariana,Thymelaeaceae,Myrtales,Malvales,
Live,Aquilaria crassna,Thymelaeaceae,Myrtales,Malvales,
Live,Aquilaria malaccensis,Thymelaeaceae,Myrtales,Malvales,
Live,Aquilaria subintegra,Thymelaeaceae,Myrtales,Malvales,
Live,Arachnis flos-aeris,Orchidaceae,Orchidales,Asparagales,
Live,Arpophyllum giganteum,Orchidaceae,Orchidales,Asparagales,
Live,Arpophyllum spicatum,Orchidaceae,Orchidales,Asparagales,
Live,Arundina graminifolia,Orchidaceae,Orchidales,Asparagales,
Live,Ascocentrum christensonianum,Orchidaceae,Orchidales,Asparagales,
Live,Ascocentrum miniatum,Orchidaceae,Orchidales,Asparagales,
Live,Astrophytum capricorne,Cactaceae,Caryophyllales,Caryophyllales,
Live,Astrophytum coahuilense,Cactaceae,Caryophyllales,Caryophyllales,
Live,Astrophytum myriostigma,Cactaceae,Caryophyllales,Caryophyllales,
Live,Astrophytum ornatum,Cactaceae,Caryophyllales,Caryophyllales,
Live,Barkeria obovata,Orchidaceae,Orchidales,Asparagales,
Live,Barkeria spectabilis,Orchidaceae,Orchidales,Asparagales,
Live,Beclardia macrostachya,Orchidaceae,Orchidales,Asparagales,
Live,Bletia patula,Orchidaceae,Orchidales,Asparagales,
Live,Bletia purpurea,Orchidaceae,Orchidales,Asparagales,
Live,Bletilla striata,Orchidaceae,Orchidales,Asparagales,
Live,Bowenia serrulata,Stangeriaceae,Cycadales,Cycadales,
Live,Brachycorythis galeandra,Orchidaceae,Orchidales,Asparagales,
Live,Brachypeza semiteretifolia,Orchidaceae,Orchidales,Asparagales,
Live,Brassavola acaulis,Orchidaceae,Orchidales,Asparagales,
Live,Brassavola cordata,Orchidaceae,Orchidales,Asparagales,
Live,Brassavola cucullata,Orchidaceae,Orchidales,Asparagales,
Live,Brassavola nodosa,Orchidaceae,Orchidales,Asparagales,
Live,Brassavola venosa,Orchidaceae,Orchidales,Asparagales,
Live,Brassia caudata,Orchidaceae,Orchidales,Asparagales,
Live,Brassia maculata,Orchidaceae,Orchidales,Asparagales,
Live,Brassia verrucosa,Orchidaceae,Orchidales,Asparagales,
Live,Bromheadia aporoides,Orchidaceae,Orchidales,Asparagales,
Live,Broughtonia negrilensis,Orchidaceae,Orchidales,Asparagales,
Live,Broughtonia sanguinea,Orchidaceae,Orchidales,Asparagales,
Live,Bryobium hyacinthoides,Orchidaceae,Orchidales,Asparagales,
Live,Bulbophyllum affine,Orchidaceae,Orchidales,Asparagales,
Live,Bulbophyllum alexandrae,Orchidaceae,Orchidales,Asparagales,
Live,Bulbophyllum baronii,Orchidaceae,Orchidales,Asparagales,
Live,Bulbophyllum boiteaui,Orchidaceae,Orchidales,Asparagales,
Live,Bulbophyllum callosum,Orchidaceae,Orchidales,Asparagales,
Live,Bulbophyllum careyanum,Orchidaceae,Orchidales,Asparagales,
Live,Bulbophyllum cirrhoglossum,Orchidaceae,Orchidales,Asparagales,
Live,Bulbophyllum comosum,Orchidaceae,Orchidales,Asparagales,
Live,Bulbophyllum coriophorum,Orchidaceae,Orchidales,Asparagales,
Live,Bulbophyllum elassonotum,Orchidaceae,Orchidales,Asparagales,
Live,Bulbophyllum evrardii,Orchidaceae,Orchidales,Asparagales,
Live,Bulbophyllum flabellum-veneris,Orchidaceae,Orchidales,Asparagales,
Live,Bulbophyllum frostii,Orchidaceae,Orchidales,Asparagales,
Live,Bulbophyllum hamelini,Orchidaceae,Orchidales,Asparagales,
Live,Bulbophyllum horizontale,Orchidaceae,Orchidales,Asparagales,
Live,Bulbophyllum leandrianum,Orchidaceae,Orchidales,Asparagales,
Live,Bulbophyllum lemniscatoides,Orchidaceae,Orchidales,Asparagales,
Live,Bulbophyllum lobbii,Orchidaceae,Orchidales,Asparagales,
Live,Bulbophyllum macranthum,Orchidaceae,Orchidales,Asparagales,
Live,Bulbophyllum macrocoleum,Orchidaceae,Orchidales,Asparagales,
Live,Bulbophyllum monanthum,Orchidaceae,Orchidales,Asparagales,
Live,Bulbophyllum nigrescens,Orchidaceae,Orchidales,Asparagales,
Live,Bulbophyllum occlusum,Orchidaceae,Orchidales,Asparagales,
Live,Bulbophyllum occultum,Orchidaceae,Orchidales,Asparagales,
Live,Bulbophyllum odoratissimum,Orchidaceae,Orchidales,Asparagales,
Live,Bulbophyllum odoratum,Orchidaceae,Orchidales,Asparagales,
Live,Bulbophyllum pectenveneris,Orchidaceae,Orchidales,Asparagales,
Live,Bulbophyllum picturatum,Orchidaceae,Orchidales,Asparagales,
Live,Bulbophyllum putidum,Orchidaceae,Orchidales,Asparagales,
Live,Bulbophyllum refractum,Orchidaceae,Orchidales,Asparagales,
Live,Bulbophyllum sigaldiae,Orchidaceae,Orchidales,Asparagales,
Live,Bulbophyllum spathulatum,Orchidaceae,Orchidales,Asparagales,
Live,Bulbophyllum sulfureum,Orchidaceae,Orchidales,Asparagales,
Live,Bulbophyllum tixieri,Orchidaceae,Orchidales,Asparagales,
Live,Bulbophyllum tortisepalum,Orchidaceae,Orchidales,Asparagales,
Live,Calanthe cardioglossa,Orchidaceae,Orchidales,Asparagales,
Live,Calanthe densiflora,Orchidaceae,Orchidales,Asparagales,
Live,Calanthe madagascariensis,Orchidaceae,Orchidales,Asparagales,
Live,Calanthe puberula,Orchidaceae,Orchidales,Asparagales,
Live,Calanthe rubens,Orchidaceae,Orchidales,Asparagales,
Live,Calanthe sylvatica,Orchidaceae,Orchidales,Asparagales,
Live,Calanthe triplicata,Orchidaceae,Orchidales,Asparagales,
Live,Calanthe vestita,Orchidaceae,Orchidales,Asparagales,
Live,Campylocentrum micranthum,Orchidaceae,Orchidales,Asparagales,
Live,Campylocentrum pachyrrhizum,Orchidaceae,Orchidales,Asparagales,
Live,Carnegiea gigantea,Cactaceae,Caryophyllales,Caryophyllales,
Live,Catasetum integerrimum,Orchidaceae,Orchidales,Asparagales,
Live,Catasetum tenebrosum,Orchidaceae,Orchidales,Asparagales,
Live,Cattleya bowringiana,Orchidaceae,Orchidales,Asparagales,
Live,Cattleya guatemalensis,Orchidaceae,Orchidales,Asparagales,
Live,Cattleya luteola,Orchidaceae,Orchidales,Asparagales,
Live,Cattleya maxima,Orchidaceae,Orchidales,Asparagales,
Live,Cattleya rex,Orchidaceae,Orchidales,Asparagales,
Live,Caucaea phalaenopsis,Orchidaceae,Orchidales,Asparagales,
Live,Caularthron bilamellatum,Orchidaceae,Orchidales,Asparagales,
Live,Christensonia vietnamica,Orchidaceae,Orchidales,Asparagales,
Live,Chysis aurea,Orchidaceae,Orchidales,Asparagales,
Live,Chysis bractescens,Orchidaceae,Orchidales,Asparagales,
Live,Cibotium barometz,Dicksoniaceae,Dicksoniales,Dicksoniales,
Live,Cleisostoma arietinum,Orchidaceae,Orchidales,Asparagales,
Live,Cleisostoma birmanicum,Orchidaceae,Orchidales,Asparagales,
Live,Cleisostoma filiforme,Orchidaceae,Orchidales,Asparagales,
Live,Cleisostoma inflatum,Orchidaceae,Orchidales,Asparagales,
Live,Cleisostoma tenuifolium,Orchidaceae,Orchidales,Asparagales,
Live,Cochleanthes flabelliformis,Orchidaceae,Orchidales,Asparagales,
Live,Coelia bella,Orchidaceae,Orchidales,Asparagales,
Live,Coelia triptera,Orchidaceae,Orchidales,Asparagales,
Live,Coelogyne assamica,Orchidaceae,Orchidales,Asparagales,
Live,Coelogyne filipeda,Orchidaceae,Orchidales,Asparagales,
Live,Coelogyne fimbriata,Orchidaceae,Orchidales,Asparagales,
Live,Coelogyne lawrenceana,Orchidaceae,Orchidales,Asparagales,
Live,Coelogyne mooreana,Orchidaceae,Orchidales,Asparagales,
Live,Coelogyne ovalis,Orchidaceae,Orchidales,Asparagales,
Live,Coelogyne rigida,Orchidaceae,Orchidales,Asparagales,
Live,Coelogyne sanderae,Orchidaceae,Orchidales,Asparagales,
Live,Coelogyne tomentosa,Orchidaceae,Orchidales,Asparagales,
Live,Coelogyne virescens,Orchidaceae,Orchidales,Asparagales,
Live,Coelogyne viscosa,Orchidaceae,Orchidales,Asparagales,
Live,Comparettia falcata,Orchidaceae,Orchidales,Asparagales,
Live,Comparettia macroplectron,Orchidaceae,Orchidales,Asparagales,
Live,Corryocactus brevistylus,Cactaceae,Caryophyllales,Caryophyllales,
Live,Coryanthes maculata,Orchidaceae,Orchidales,Asparagales,
Live,Coryanthes speciosa,Orchidaceae,Orchidales,Asparagales,
Live,Coryphantha poselgeriana,Cactaceae,Caryophyllales,Caryophyllales,
Live,Crepidium acuminatum,Orchidaceae,Orchidales,Asparagales,
Live,Cryptopus paniculatus,Orchidaceae,Orchidales,Asparagales,
Live,Cuitlauzina pulchella,Orchidaceae,Orchidales,Asparagales,
Live,Cumulopuntia sphaerica,Cactaceae,Caryophyllales,Caryophyllales,
Live,Cyathea australis,Cyatheaceae,Cyatheales,Cyatheales,
Live,Cyathea dealbata,Cyatheaceae,Cyatheales,Cyatheales,
Live,Cyathea medullaris,Cyatheaceae,Cyatheales,Cyatheales,
Live,Cycas angulata,Cycadaceae,Cycadales,Cycadales,
Live,Cycas armstrongii,Cycadaceae,Cycadales,Cycadales,
Live,Cycas beddomei,Cycadaceae,Cycadales,Cycadales,
Live,Cycas media,Cycadaceae,Cycadales,Cycadales,
Live,Cycas megacarpa,Cycadaceae,Cycadales,Cycadales,
Live,Cycas ophiolitica,Cycadaceae,Cycadales,Cycadales,
Live,Cycas pectinata,Cycadaceae,Cycadales,Cycadales,
Live,Cycas revoluta,Cycadaceae,Cycadales,Cycadales,
Live,Cycas siamensis,Cycadaceae,Cycadales,Cycadales,
Live,Cycas thouarsii,Cycadaceae,Cycadales,Cycadales,
Live,Cyclamen cilicium,Primulaceae,Primulales,Ericales,
Live,Cyclamen colchicum,Primulaceae,Primulales,Ericales,
Live,Cyclamen coum,Primulaceae,Primulales,Ericales,
Live,Cyclamen coum caucasicum,Primulaceae,Primulales,Ericales,
Live,Cyclamen hederifolium,Primulaceae,Primulales,Ericales,
Live,Cycnoches egertonianum,Orchidaceae,Orchidales,Asparagales,
Live,Cycnoches ventricosum,Orchidaceae,Orchidales,Asparagales,
Live,Cylindrolobus biflorus,Orchidaceae,Orchidales,Asparagales,
Live,Cylindropuntia acanthocarpa,Cactaceae,Caryophyllales,Caryophyllales,
Live,Cylindropuntia caribaea,Cactaceae,Caryophyllales,Caryophyllales,
Live,Cymbidiella falcigera,Orchidaceae,Orchidales,Asparagales,
Live,Cymbidiella flabellata,Orchidaceae,Orchidales,Asparagales,
Live,Cymbidiella pardalina,Orchidaceae,Orchidales,Asparagales,
Live,Cymbidium aloifolium,Orchidaceae,Orchidales,Asparagales,
Live,Cymbidium dayanum,Orchidaceae,Orchidales,Asparagales,
Live,Cymbidium devonianum,Orchidaceae,Orchidales,Asparagales,
Live,Cymbidium eburneum,Orchidaceae,Orchidales,Asparagales,
Live,Cymbidium elegans,Orchidaceae,Orchidales,Asparagales,
Live,Cymbidium ensifolium,Orchidaceae,Orchidales,Asparagales,
Live,Cymbidium erythraeum,Orchidaceae,Orchidales,Asparagales,
Live,Cymbidium erythrostylum,Orchidaceae,Orchidales,Asparagales,
Live,Cymbidium finlaysonianum,Orchidaceae,Orchidales,Asparagales,
Live,Cymbidium insigne,Orchidaceae,Orchidales,Asparagales,
Live,Cymbidium iridioides,Orchidaceae,Orchidales,Asparagales,
Live,Cymbidium kanran,Orchidaceae,Orchidales,Asparagales,
Live,Cymbidium lancifolium,Orchidaceae,Orchidales,Asparagales,
Live,Cymbidium lowianum,Orchidaceae,Orchidales,Asparagales,
Live,Cymbidium munronianum,Orchidaceae,Orchidales,Asparagales,
Live,Cymbidium sinense,Orchidaceae,Orchidales,Asparagales,
Live,Cynorkis flexuosa,Orchidaceae,Orchidales,Asparagales,
Live,Cynorkis gibbosa,Orchidaceae,Orchidales,Asparagales,
Live,Cynorkis perrieri,Orchidaceae,Orchidales,Asparagales,
Live,Cynorkis ridleyi,Orchidaceae,Orchidales,Asparagales,
Live,Cynorkis sacculata,Orchidaceae,Orchidales,Asparagales,
Live,Cypripedium parviflorum,Orchidaceae,Orchidales,Asparagales,
Live,Cypripedium reginae,Orchidaceae,Orchidales,Asparagales,
Live,Cyrtopodium punctatum,Orchidaceae,Orchidales,Asparagales,
Live,Dactylorhiza incarnata,Orchidaceae,Orchidales,Asparagales,
Live,Decarya madagascariensis,Didiereaceae,Caryophyllales,Caryophyllales,
Live,Dendrobium aduncum,Orchidaceae,Orchidales,Asparagales,
Live,Dendrobium aggregatum,Orchidaceae,Orchidales,Asparagales,
Live,Dendrobium aloifolium,Orchidaceae,Orchidales,Asparagales,
Live,Dendrobium amabile,Orchidaceae,Orchidales,Asparagales,
Live,Dendrobium anosmum,Orchidaceae,Orchidales,Asparagales,
Live,Dendrobium aphyllum,Orchidaceae,Orchidales,Asparagales,
Live,Dendrobium bellatulum,Orchidaceae,Orchidales,Asparagales,
Live,Dendrobium brymerianum,Orchidaceae,Orchidales,Asparagales,
Live,Dendrobium capillipes,Orchidaceae,Orchidales,Asparagales,
Live,Dendrobium cariniferum,Orchidaceae,Orchidales,Asparagales,
Live,Dendrobium cathcartii,Orchidaceae,Orchidales,Asparagales,
Live,Dendrobium chlorostylum,Orchidaceae,Orchidales,Asparagales,
Live,Dendrobium christyanum,Orchidaceae,Orchidales,Asparagales,
Live,Dendrobium chrysanthum,Orchidaceae,Orchidales,Asparagales,
Live,Dendrobium chryseum,Orchidaceae,Orchidales,Asparagales,
Live,Dendrobium chrysotoxum,Orchidaceae,Orchidales,Asparagales,
Live,Dendrobium crepidatum,Orchidaceae,Orchidales,Asparagales,
Live,Dendrobium cruentum,Orchidaceae,Orchidales,Asparagales,
Live,Dendrobium crumenatum,Orchidaceae,Orchidales,Asparagales,
Live,Dendrobium crystallinum,Orchidaceae,Orchidales,Asparagales,
Live,Dendrobium delacourii,Orchidaceae,Orchidales,Asparagales,
Live,Dendrobium densiflorum,Orchidaceae,Orchidales,Asparagales,
Live,Dendrobium devonianum,Orchidaceae,Orchidales,Asparagales,
Live,Dendrobium dickasonii,Orchidaceae,Orchidales,Asparagales,
Live,Dendrobium draconis,Orchidaceae,Orchidales,Asparagales,
Live,Dendrobium exile,Orchidaceae,Orchidales,Asparagales,
Live,Dendrobium falconeri,Orchidaceae,Orchidales,Asparagales,
Live,Dendrobium farmeri,Orchidaceae,Orchidales,Asparagales,
Live,Dendrobium fimbriatum,Orchidaceae,Orchidales,Asparagales,
Live,Dendrobium formosum,Orchidaceae,Orchidales,Asparagales,
Live,Dendrobium gibsonii,Orchidaceae,Orchidales,Asparagales,
Live,Dendrobium gratiosissimum,Orchidaceae,Orchidales,Asparagales,
Live,Dendrobium hancockii,Orchidaceae,Orchidales,Asparagales,
Live,Dendrobium harveyanum,Orchidaceae,Orchidales,Asparagales,
Live,Dendrobium hemimelanoglossum,Orchidaceae,Orchidales,Asparagales,
Live,Dendrobium hercoglossum,Orchidaceae,Orchidales,Asparagales,
Live,Dendrobium infundibulum,Orchidaceae,Orchidales,Asparagales,
Live,Dendrobium kentrophyllum,Orchidaceae,Orchidales,Asparagales,
Live,Dendrobium langbianense,Orchidaceae,Orchidales,Asparagales,
Live,Dendrobium lindleyi,Orchidaceae,Orchidales,Asparagales,
Live,Dendrobium longicornu,Orchidaceae,Orchidales,Asparagales,
Live,Dendrobium nathanielis,Orchidaceae,Orchidales,Asparagales,
Live,Dendrobium nobile,Orchidaceae,Orchidales,Asparagales,
Live,Dendrobium ochraceum,Orchidaceae,Orchidales,Asparagales,
Live,Dendrobium oligophyllum,Orchidaceae,Orchidales,Asparagales,
Live,Dendrobium palpebrae,Orchidaceae,Orchidales,Asparagales,
Live,Dendrobium parciflorum,Orchidaceae,Orchidales,Asparagales,
Live,Dendrobium parishii,Orchidaceae,Orchidales,Asparagales,
Live,Dendrobium pendulum,Orchidaceae,Orchidales,Asparagales,
Live,Dendrobium podagraria,Orchidaceae,Orchidales,Asparagales,
Live,Dendrobium primulinum,Orchidaceae,Orchidales,Asparagales,
Live,Dendrobium pseudointricatum,Orchidaceae,Orchidales,Asparagales,
Live,Dendrobium pulchellum,Orchidaceae,Orchidales,Asparagales,
Live,Dendrobium revolutum,Orchidaceae,Orchidales,Asparagales,
Live,Dendrobium secundum,Orchidaceae,Orchidales,Asparagales,
Live,Dendrobium sulcatum,Orchidaceae,Orchidales,Asparagales,
Live,Dendrobium terminale,Orchidaceae,Orchidales,Asparagales,
Live,Dendrobium thyrsiflorum,Orchidaceae,Orchidales,Asparagales,
Live,Dendrobium tortile,Orchidaceae,Orchidales,Asparagales,
Live,Dendrobium transparens,Orchidaceae,Orchidales,Asparagales,
Live,Dendrobium unicum,Orchidaceae,Orchidales,Asparagales,
Live,Dendrobium virgineum,Orchidaceae,Orchidales,Asparagales,
Live,Dendrobium wardianum,Orchidaceae,Orchidales,Asparagales,
Live,Dendrobium wattii,Orchidaceae,Orchidales,Asparagales,
Live,Dendrobium williamsonii,Orchidaceae,Orchidales,Asparagales,
Live,Dendrocereus undulosus,Cactaceae,Caryophyllales,Caryophyllales,
Live,Dendrolirium lasiopetalum,Orchidaceae,Orchidales,Asparagales,
Live,Dendrophylax barrettiae,Orchidaceae,Orchidales,Asparagales,
Live,Dendrophylax funalis,Orchidaceae,Orchidales,Asparagales,
Live,Dendrophylax porrectus,Orchidaceae,Orchidales,Asparagales,
Live,Dichaea glauca,Orchidaceae,Orchidales,Asparagales,
Live,Dicksonia antarctica,Dicksoniaceae,Dicksoniales,Dicksoniales,
Live,Dicksonia fibrosa,Dicksoniaceae,Dicksoniales,Dicksoniales,
Live,Dicksonia squarrosa,Dicksoniaceae,Dicksoniales,Dicksoniales,
Live,Didierea madagascariensis,Didiereaceae,Caryophyllales,Caryophyllales,
Live,Didierea trollii,Didiereaceae,Caryophyllales,Caryophyllales,
Live,Dienia ophrydis,Orchidaceae,Orchidales,Asparagales,
Live,Dilomilis montana,Orchidaceae,Orchidales,Asparagales,
Live,Dimerandra emarginata,Orchidaceae,Orchidales,Asparagales,
Live,Dinema polybulbon,Orchidaceae,Orchidales,Asparagales,
Live,Dipodium paludosum,Orchidaceae,Orchidales,Asparagales,
Live,Disa caffra,Orchidaceae,Orchidales,Asparagales,
Live,Disa incarnata,Orchidaceae,Orchidales,Asparagales,
Live,Disocactus speciosus,Cactaceae,Caryophyllales,Caryophyllales,
Live,Dypsis decaryi,Palmae,Arecales,Arecales,
Live,Earina mucronata,Orchidaceae,Orchidales,Asparagales,
Live,Echinocactus grusonii,Cactaceae,Caryophyllales,Caryophyllales,
Live,Echinocactus horizonthalonius,Cactaceae,Caryophyllales,Caryophyllales,
Live,Echinocactus texensis,Cactaceae,Caryophyllales,Caryophyllales,
Live,Echinocereus rigidissimus,Cactaceae,Caryophyllales,Caryophyllales,
Live,Echinopsis chalaensis,Cactaceae,Caryophyllales,Caryophyllales,
Live,Echinopsis chiloensis,Cactaceae,Caryophyllales,Caryophyllales,
Live,Echinopsis cuzcoensis,Cactaceae,Caryophyllales,Caryophyllales,
Live,Echinopsis lageniformis,Cactaceae,Caryophyllales,Caryophyllales,
Live,Echinopsis pachanoi,Cactaceae,Caryophyllales,Caryophyllales,
Live,Echinopsis peruviana,Cactaceae,Caryophyllales,Caryophyllales,
Live,Elleanthus longibracteatus,Orchidaceae,Orchidales,Asparagales,
Live,Eltroplectris calcarata,Orchidaceae,Orchidales,Asparagales,
Live,Encyclia alata,Orchidaceae,Orchidales,Asparagales,
Live,Encyclia amanda,Orchidaceae,Orchidales,Asparagales,
Live,Encyclia boothiana,Orchidaceae,Orchidales,Asparagales,
Live,Encyclia bractescens,Orchidaceae,Orchidales,Asparagales,
Live,Encyclia chacaoensis,Orchidaceae,Orchidales,Asparagales,
Live,Encyclia cochleata,Orchidaceae,Orchidales,Asparagales,
Live,Encyclia distantiflora,Orchidaceae,Orchidales,Asparagales,
Live,Encyclia fragrans,Orchidaceae,Orchidales,Asparagales,
Live,Encyclia guatemalensis,Orchidaceae,Orchidales,Asparagales,
Live,Encyclia michuacana,Orchidaceae,Orchidales,Asparagales,
Live,Encyclia microtos,Orchidaceae,Orchidales,Asparagales,
Live,Encyclia polybulbon,Orchidaceae,Orchidales,Asparagales,
Live,Encyclia pygmaea,Orchidaceae,Orchidales,Asparagales,
Live,Encyclia radiata,Orchidaceae,Orchidales,Asparagales,
Live,Encyclia sintenisii,Orchidaceae,Orchidales,Asparagales,
Live,Encyclia tampensis,Orchidaceae,Orchidales,Asparagales,
Live,Epidendrum acunae,Orchidaceae,Orchidales,Asparagales,
Live,Epidendrum anceps,Orchidaceae,Orchidales,Asparagales,
Live,Epidendrum ciliare,Orchidaceae,Orchidales,Asparagales,
Live,Epidendrum cristatum,Orchidaceae,Orchidales,Asparagales,
Live,Epidendrum cusii,Orchidaceae,Orchidales,Asparagales,
Live,Epidendrum difforme,Orchidaceae,Orchidales,Asparagales,
Live,Epidendrum diffusum,Orchidaceae,Orchidales,Asparagales,
Live,Epidendrum hawkesii,Orchidaceae,Orchidales,Asparagales,
Live,Epidendrum jamaicense,Orchidaceae,Orchidales,Asparagales,
Live,Epidendrum lanipes,Orchidaceae,Orchidales,Asparagales,
Live,Epidendrum nocturnum,Orchidaceae,Orchidales,Asparagales,
Live,Epidendrum nutans,Orchidaceae,Orchidales,Asparagales,
Live,Epidendrum paniculatum,Orchidaceae,Orchidales,Asparagales,
Live,Epidendrum polyanthum,Orchidaceae,Orchidales,Asparagales,
Live,Epidendrum rigidum,Orchidaceae,Orchidales,Asparagales,
Live,Epidendrum secundum,Orchidaceae,Orchidales,Asparagales,
Live,Epidendrum stamfordianum,Orchidaceae,Orchidales,Asparagales,
Live,Epidendrum strobiliferum,Orchidaceae,Orchidales,Asparagales,
Live,Epigeneium amplum,Orchidaceae,Orchidales,Asparagales,
Live,Epigeneium chapaense,Orchidaceae,Orchidales,Asparagales,
Live,Epithelantha micromeris,Cactaceae,Caryophyllales,Caryophyllales,
Live,Erasanthe henrici,Orchidaceae,Orchidales,Asparagales,
Live,Erycina pusilla,Orchidaceae,Orchidales,Asparagales,
Live,Espostoa guentheri,Cactaceae,Caryophyllales,Caryophyllales,
Live,Eulophia flava,Orchidaceae,Orchidales,Asparagales,
Live,Eulophia ibityensis,Orchidaceae,Orchidales,Asparagales,
Live,Eulophia nuda,Orchidaceae,Orchidales,Asparagales,
Live,Eulophia perrieri,Orchidaceae,Orchidales,Asparagales,
Live,Eulophia pulchra,Orchidaceae,Orchidales,Asparagales,
Live,Eulophiella elisabethae,Orchidaceae,Orchidales,Asparagales,
Live,Eulophiella roempleriana,Orchidaceae,Orchidales,Asparagales,
Live,Eulychnia acida,Cactaceae,Caryophyllales,Caryophyllales,
Live,Euphorbia albipollinifera,Euphorbiaceae,Euphorbiales,Malpighiales,
Live,Euphorbia alfredii,Euphorbiaceae,Euphorbiales,Malpighiales,
Live,Euphorbia ankarensis,Euphorbiaceae,Euphorbiales,Malpighiales,
Live,Euphorbia antso,Euphorbiaceae,Euphorbiales,Malpighiales,
Live,Euphorbia astrophora,Euphorbiaceae,Euphorbiales,Malpighiales,
Live,Euphorbia aureoviridiflora,Euphorbiaceae,Euphorbiales,Malpighiales,
Live,Euphorbia baga,Euphorbiaceae,Euphorbiales,Malpighiales,
Live,Euphorbia banae,Euphorbiaceae,Euphorbiales,Malpighiales,
Live,Euphorbia beharensis,Euphorbiaceae,Euphorbiales,Malpighiales,
Live,Euphorbia berorohae,Euphorbiaceae,Euphorbiales,Malpighiales,
Live,Euphorbia biaculeata,Euphorbiaceae,Euphorbiales,Malpighiales,
Live,Euphorbia bongolavensis,Euphorbiaceae,Euphorbiales,Malpighiales,
Live,Euphorbia bulbispina,Euphorbiaceae,Euphorbiales,Malpighiales,
Live,Euphorbia candelabrum,Euphorbiaceae,Euphorbiales,Malpighiales,
Live,Euphorbia capmanambatoensis,Euphorbiaceae,Euphorbiales,Malpighiales,
Live,Euphorbia clava,Euphorbiaceae,Euphorbiales,Malpighiales,
Live,Euphorbia clavarioides,Euphorbiaceae,Euphorbiales,Malpighiales,
Live,Euphorbia clavigera,Euphorbiaceae,Euphorbiales,Malpighiales,
Live,Euphorbia colliculina,Euphorbiaceae,Euphorbiales,Malpighiales,
Live,Euphorbia crassipes,Euphorbiaceae,Euphorbiales,Malpighiales,
Live,Euphorbia croizatii,Euphorbiaceae,Euphorbiales,Malpighiales,
Live,Euphorbia denisiana,Euphorbiaceae,Euphorbiales,Malpighiales,
Live,Euphorbia didiereoides,Euphorbiaceae,Euphorbiales,Malpighiales,
Live,Euphorbia duranii,Euphorbiaceae,Euphorbiales,Malpighiales,
Live,Euphorbia elliotii,Euphorbiaceae,Euphorbiales,Malpighiales,
Live,Euphorbia famatamboay,Euphorbiaceae,Euphorbiales,Malpighiales,
Live,Euphorbia fianarantsoae,Euphorbiaceae,Euphorbiales,Malpighiales,
Live,Euphorbia fusca,Euphorbiaceae,Euphorbiales,Malpighiales,
Live,Euphorbia genoudiana,Euphorbiaceae,Euphorbiales,Malpighiales,
Live,Euphorbia globosa,Euphorbiaceae,Euphorbiales,Malpighiales,
Live,Euphorbia gorgonis,Euphorbiaceae,Euphorbiales,Malpighiales,
Live,Euphorbia gracilicaulis,Euphorbiaceae,Euphorbiales,Malpighiales,
Live,Euphorbia griseola,Euphorbiaceae,Euphorbiales,Malpighiales,
Live,Euphorbia guillauminiana,Euphorbiaceae,Euphorbiales,Malpighiales,
Live,Euphorbia hedyotoides,Euphorbiaceae,Euphorbiales,Malpighiales,
Live,Euphorbia herman-schwartzii,Euphorbiaceae,Euphorbiales,Malpighiales,
Live,Euphorbia hofstaetteri,Euphorbiaceae,Euphorbiales,Malpighiales,
Live,Euphorbia horombensis,Euphorbiaceae,Euphorbiales,Malpighiales,
Live,Euphorbia iharanae,Euphorbiaceae,Euphorbiales,Malpighiales,
Live,Euphorbia itremensis,Euphorbiaceae,Euphorbiales,Malpighiales,
Live,Euphorbia knuthii,Euphorbiaceae,Euphorbiales,Malpighiales,
Live,Euphorbia kondoi,Euphorbiaceae,Euphorbiales,Malpighiales,
Live,Euphorbia labatii,Euphorbiaceae,Euphorbiales,Malpighiales,
Live,Euphorbia leandriana,Euphorbiaceae,Euphorbiales,Malpighiales,
Live,Euphorbia leuconeura,Euphorbiaceae,Euphorbiales,Malpighiales,
Live,Euphorbia lophogona,Euphorbiaceae,Euphorbiales,Malpighiales,
Live,Euphorbia mahabobokensis,Euphorbiaceae,Euphorbiales,Malpighiales,
Live,Euphorbia mainty,Euphorbiaceae,Euphorbiales,Malpighiales,
Live,Euphorbia mangokyensis,Euphorbiaceae,Euphorbiales,Malpighiales,
Live,Euphorbia meloformis,Euphorbiaceae,Euphorbiales,Malpighiales,
Live,Euphorbia meridionalis,Euphorbiaceae,Euphorbiales,Malpighiales,
Live,Euphorbia milii,Euphorbiaceae,Euphorbiales,Malpighiales,
Live,Euphorbia millotii,Euphorbiaceae,Euphorbiales,Malpighiales,
Live,Euphorbia mlanjeana,Euphorbiaceae,Euphorbiales,Malpighiales,
Live,Euphorbia multiceps,Euphorbiaceae,Euphorbiales,Malpighiales,
Live,Euphorbia neohumbertii,Euphorbiaceae,Euphorbiales,Malpighiales,
Live,Euphorbia pachypodioides,Euphorbiaceae,Euphorbiales,Malpighiales,
Live,Euphorbia paulianii,Euphorbiaceae,Euphorbiales,Malpighiales,
Live,Euphorbia pedilanthoides,Euphorbiaceae,Euphorbiales,Malpighiales,
Live,Euphorbia perrieri,Euphorbiaceae,Euphorbiales,Malpighiales,
Live,Euphorbia poissonii,Euphorbiaceae,Euphorbiales,Malpighiales,
Live,Euphorbia primulifolia,Euphorbiaceae,Euphorbiales,Malpighiales,
Live,Euphorbia razafindratsirae,Euphorbiaceae,Euphorbiales,Malpighiales,
Live,Euphorbia razafinjohanii,Euphorbiaceae,Euphorbiales,Malpighiales,
Live,Euphorbia robivelonae,Euphorbiaceae,Euphorbiales,Malpighiales,
Live,Euphorbia rossii,Euphorbiaceae,Euphorbiales,Malpighiales,
Live,Euphorbia sakarahaensis,Euphorbiaceae,Euphorbiales,Malpighiales,
Live,Euphorbia schoenlandii,Euphorbiaceae,Euphorbiales,Malpighiales,
Live,Euphorbia silenifolia,Euphorbiaceae,Euphorbiales,Malpighiales,
Live,Euphorbia squarrosa,Euphorbiaceae,Euphorbiales,Malpighiales,
Live,Euphorbia stellata,Euphorbiaceae,Euphorbiales,Malpighiales,
Live,Euphorbia stellispina,Euphorbiaceae,Euphorbiales,Malpighiales,
Live,Euphorbia susannae,Euphorbiaceae,Euphorbiales,Malpighiales,
Live,Euphorbia suzannae-marnierae,Euphorbiaceae,Euphorbiales,Malpighiales,
Live,Euphorbia tortirama,Euphorbiaceae,Euphorbiales,Malpighiales,
Live,Euphorbia unispina,Euphorbiaceae,Euphorbiales,Malpighiales,
Live,Euphorbia venenifica,Euphorbiaceae,Euphorbiales,Malpighiales,
Live,Euphorbia viguieri,Euphorbiaceae,Euphorbiales,Malpighiales,
Live,Euphorbia waringiae,Euphorbiaceae,Euphorbiales,Malpighiales,
Live,Ferocactus chrysacanthus,Cactaceae,Caryophyllales,Caryophyllales,
Live,Ferocactus cylindraceus,Cactaceae,Caryophyllales,Caryophyllales,
Live,Ferocactus gracilis,Cactaceae,Caryophyllales,Caryophyllales,
Live,Flickingeria laciniosa,Orchidaceae,Orchidales,Asparagales,
Live,Frailea castanea,Cactaceae,Caryophyllales,Caryophyllales,
Live,Frailea cataphracta,Cactaceae,Caryophyllales,Caryophyllales,
Live,Galanthus elwesii,Amaryllidaceae,Liliales,Asparagales,
Live,Galanthus nivalis,Amaryllidaceae,Liliales,Asparagales,
Live,Galanthus woronowii,Amaryllidaceae,Liliales,Asparagales,
Live,Galeandra batemanii,Orchidaceae,Orchidales,Asparagales,
Live,Gastrorchis francoisii,Orchidaceae,Orchidales,Asparagales,
Live,Gastrorchis humblotii,Orchidaceae,Orchidales,Asparagales,
Live,Gastrorchis lutea,Orchidaceae,Orchidales,Asparagales,
Live,Gastrorchis peyrotii,Orchidaceae,Orchidales,Asparagales,
Live,Gastrorchis pulchra,Orchidaceae,Orchidales,Asparagales,
Live,Gastrorchis tuberculosa,Orchidaceae,Orchidales,Asparagales,
Live,Geohintonia mexicana,Cactaceae,Caryophyllales,Caryophyllales,
Live,Gongora fulva,Orchidaceae,Orchidales,Asparagales,
Live,Gongora maculata,Orchidaceae,Orchidales,Asparagales,
Live,Gongora quinquenervis,Orchidaceae,Orchidales,Asparagales,
Live,Gongora scaphephorus,Orchidaceae,Orchidales,Asparagales,
Live,Gongora truncata,Orchidaceae,Orchidales,Asparagales,
Live,Gongora unicolor,Orchidaceae,Orchidales,Asparagales,
Live,Grammangis ellisii,Orchidaceae,Orchidales,Asparagales,
Live,Graphorkis scripta,Orchidaceae,Orchidales,Asparagales,
Live,Habenaria rhodocheila,Orchidaceae,Orchidales,Asparagales,
Live,Holcoglossum subulifolium,Orchidaceae,Orchidales,Asparagales,
Live,Hygrochilus parishii,Orchidaceae,Orchidales,Asparagales,
Live,Ionopsis satyrioides,Orchidaceae,Orchidales,Asparagales,
Live,Ionopsis utricularioides,Orchidaceae,Orchidales,Asparagales,
Live,Isochilus carnosiflorus,Orchidaceae,Orchidales,Asparagales,
Live,Isochilus linearis,Orchidaceae,Orchidales,Asparagales,
Live,Jumellea angustifolia,Orchidaceae,Orchidales,Asparagales,
Live,Jumellea ibityana,Orchidaceae,Orchidales,Asparagales,
Live,Jumellea jumelleana,Orchidaceae,Orchidales,Asparagales,
Live,Jumellea major,Orchidaceae,Orchidales,Asparagales,
Live,Jumellea maxillarioides,Orchidaceae,Orchidales,Asparagales,
Live,Jumellea punctata,Orchidaceae,Orchidales,Asparagales,
Live,Jumellea rigida,Orchidaceae,Orchidales,Asparagales,
Live,Jumellea teretifolia,Orchidaceae,Orchidales,Asparagales,
Live,Kingidium decumbens,Orchidaceae,Orchidales,Asparagales,
Live,Laelia purpurata,Orchidaceae,Orchidales,Asparagales,
Live,Leochilus labiatus,Orchidaceae,Orchidales,Asparagales,
Live,Lepanthes divaricata,Orchidaceae,Orchidales,Asparagales,
Live,Lepanthes ovalis,Orchidaceae,Orchidales,Asparagales,
Live,Lepanthopsis microlepanthes,Orchidaceae,Orchidales,Asparagales,
Live,Lepidozamia peroffskyana,Zamiaceae,Cycadales,Cycadales,
Live,Leptocereus paniculatus,Cactaceae,Caryophyllales,Caryophyllales,
Live,Leptocereus weingartianus,Cactaceae,Caryophyllales,Caryophyllales,
Live,Lockhartia hercodonta,Orchidaceae,Orchidales,Asparagales,
Live,Luisia tristis,Orchidaceae,Orchidales,Asparagales,
Live,Luisia zollingeri,Orchidaceae,Orchidales,Asparagales,
Live,Lycaste aromatica,Orchidaceae,Orchidales,Asparagales,
Live,Lycaste cochleata,Orchidaceae,Orchidales,Asparagales,
Live,Lycaste cruenta,Orchidaceae,Orchidales,Asparagales,
Live,Lycaste macrophylla,Orchidaceae,Orchidales,Asparagales,
Live,Macradenia brassavolae,Orchidaceae,Orchidales,Asparagales,
Live,Macradenia lutescens,Orchidaceae,Orchidales,Asparagales,
Live,Macrozamia cardiacensis,Zamiaceae,Cycadales,Cycadales,
Live,Macrozamia communis,Zamiaceae,Cycadales,Cycadales,
Live,Macrozamia longispina,Zamiaceae,Cycadales,Cycadales,
Live,Macrozamia lucida,Zamiaceae,Cycadales,Cycadales,
Live,Macrozamia miquelii,Zamiaceae,Cycadales,Cycadales,
Live,Macrozamia moorei,Zamiaceae,Cycadales,Cycadales,
Live,Macrozamia mountperriensis,Zamiaceae,Cycadales,Cycadales,
Live,Macrozamia riedlei,Zamiaceae,Cycadales,Cycadales,
Live,Mammillaria carmenae,Cactaceae,Caryophyllales,Caryophyllales,
Live,Mammillaria herrerae,Cactaceae,Caryophyllales,Caryophyllales,
Live,Mammillaria pringlei,Cactaceae,Caryophyllales,Caryophyllales,
Live,Masdevallia cardiantha,Orchidaceae,Orchidales,Asparagales,
Live,Masdevallia floribunda,Orchidaceae,Orchidales,Asparagales,
Live,Masdevallia mezae,Orchidaceae,Orchidales,Asparagales,
Live,Masdevallia rigens,Orchidaceae,Orchidales,Asparagales,
Live,Masdevallia weberbaueri,Orchidaceae,Orchidales,Asparagales,
Live,Matucana madisoniorum,Cactaceae,Caryophyllales,Caryophyllales,
Live,Matucana weberbaueri,Cactaceae,Caryophyllales,Caryophyllales,
Live,Maxillaria alba,Orchidaceae,Orchidales,Asparagales,
Live,Maxillaria crassifolia,Orchidaceae,Orchidales,Asparagales,
Live,Maxillaria densa,Orchidaceae,Orchidales,Asparagales,
Live,Maxillaria egertoniana,Orchidaceae,Orchidales,Asparagales,
Live,Maxillaria elatior,Orchidaceae,Orchidales,Asparagales,
Live,Maxillaria friedrichsthalii,Orchidaceae,Orchidales,Asparagales,
Live,Maxillaria fulgens,Orchidaceae,Orchidales,Asparagales,
Live,Maxillaria ringens,Orchidaceae,Orchidales,Asparagales,
Live,Maxillaria rufescens,Orchidaceae,Orchidales,Asparagales,
Live,Maxillaria sanderiana,Orchidaceae,Orchidales,Asparagales,
Live,Maxillaria setigera,Orchidaceae,Orchidales,Asparagales,
Live,Maxillaria speciosa,Orchidaceae,Orchidales,Asparagales,
Live,Maxillaria tenuifolia,Orchidaceae,Orchidales,Asparagales,
Live,Maxillaria uncata,Orchidaceae,Orchidales,Asparagales,
Live,Maxillaria variabilis,Orchidaceae,Orchidales,Asparagales,
Live,Megastylis latissima,Orchidaceae,Orchidales,Asparagales,
Live,Megastylis rara,Orchidaceae,Orchidales,Asparagales,
Live,Melocactus lemairei,Cactaceae,Caryophyllales,Caryophyllales,
Live,Melocactus matanzanus,Cactaceae,Caryophyllales,Caryophyllales,
Live,Melocactus praerupticola,Cactaceae,Caryophyllales,Caryophyllales,
Live,Microcoelia aphylla,Orchidaceae,Orchidales,Asparagales,
Live,Microcoelia gilpinae,Orchidaceae,Orchidales,Asparagales,
Live,Microcoelia macrantha,Orchidaceae,Orchidales,Asparagales,
Live,Micropera pallida,Orchidaceae,Orchidales,Asparagales,
Live,Miltoniopsis santanaei,Orchidaceae,Orchidales,Asparagales,
Live,Mormolyca ringens,Orchidaceae,Orchidales,Asparagales,
Live,Mycaranthes pannea,Orchidaceae,Orchidales,Asparagales,
Live,Myrmecophila brysiana,Orchidaceae,Orchidales,Asparagales,
Live,Myrmecophila exaltata,Orchidaceae,Orchidales,Asparagales,
Live,Myrmecophila grandiflora,Orchidaceae,Orchidales,Asparagales,
Live,Myrmecophila humboldtii,Orchidaceae,Orchidales,Asparagales,
Live,Myrmecophila tibicinis,Orchidaceae,Orchidales,Asparagales,
Live,Neobathiea perrieri,Orchidaceae,Orchidales,Asparagales,
Live,Neocogniauxia hexaptera,Orchidaceae,Orchidales,Asparagales,
Live,Neocogniauxia monophylla,Orchidaceae,Orchidales,Asparagales,
Live,Neofinetia falcata,Orchidaceae,Orchidales,Asparagales,
Live,Nepenthes albomarginata,Nepenthaceae,Nepenthales,Caryophyllales,
Live,Nepenthes ampullaria,Nepenthaceae,Nepenthales,Caryophyllales,
Live,Nepenthes bellii,Nepenthaceae,Nepenthales,Caryophyllales,
Live,Nepenthes bicalcarata,Nepenthaceae,Nepenthales,Caryophyllales,
Live,Nepenthes boschiana,Nepenthaceae,Nepenthales,Caryophyllales,
Live,Nepenthes gracilis,Nepenthaceae,Nepenthales,Caryophyllales,
Live,Nepenthes hirsuta,Nepenthaceae,Nepenthales,Caryophyllales,
Live,Nepenthes hookeriana,Nepenthaceae,Nepenthales,Caryophyllales,
Live,Nepenthes maxima,Nepenthaceae,Nepenthales,Caryophyllales,
Live,Nepenthes mirabilis,Nepenthaceae,Nepenthales,Caryophyllales,
Live,Nepenthes rafflesiana,Nepenthaceae,Nepenthales,Caryophyllales,
Live,Nepenthes sumatrana,Nepenthaceae,Nepenthales,Caryophyllales,
Live,Nepenthes truncata,Nepenthaceae,Nepenthales,Caryophyllales,
Live,Nepenthes veitchii,Nepenthaceae,Nepenthales,Caryophyllales,
Live,Nepenthes ventricosa,Nepenthaceae,Nepenthales,Caryophyllales,
Live,Nephelaphyllum pulchrum,Orchidaceae,Orchidales,Asparagales,
Live,Nephelaphyllum tenuiflorum,Orchidaceae,Orchidales,Asparagales,
Live,Nidema boothii,Orchidaceae,Orchidales,Asparagales,
Live,Notylia barkeri,Orchidaceae,Orchidales,Asparagales,
Live,Oberonia ensiformis,Orchidaceae,Orchidales,Asparagales,
Live,Oberonia pachyphylla,Orchidaceae,Orchidales,Asparagales,
Live,Oeceoclades calcarata,Orchidaceae,Orchidales,Asparagales,
Live,Oeceoclades decaryana,Orchidaceae,Orchidales,Asparagales,
Live,Oeceoclades humbertii,Orchidaceae,Orchidales,Asparagales,
Live,Oeceoclades maculata,Orchidaceae,Orchidales,Asparagales,
Live,Oeceoclades perrieri,Orchidaceae,Orchidales,Asparagales,
Live,Oeceoclades rauhii,Orchidaceae,Orchidales,Asparagales,
Live,Oeceoclades spathulifera,Orchidaceae,Orchidales,Asparagales,
Live,Oeonia rosea,Orchidaceae,Orchidales,Asparagales,
Live,Oeonia volucris,Orchidaceae,Orchidales,Asparagales,
Live,Oeoniella polystachys,Orchidaceae,Orchidales,Asparagales,
Live,Oncidium altissimum,Orchidaceae,Orchidales,Asparagales,
Live,Oncidium deltoideum,Orchidaceae,Orchidales,Asparagales,
Live,Oncidium ensatum,Orchidaceae,Orchidales,Asparagales,
Live,Oncidium hastatum,Orchidaceae,Orchidales,Asparagales,
Live,Oncidium retusum,Orchidaceae,Orchidales,Asparagales,
Live,Oncidium sphacelatum,Orchidaceae,Orchidales,Asparagales,
Live,Operculicarya decaryi,Anacardiaceae,Sapindales,Sapindales,
Live,Operculicarya hyphaenoides,Anacardiaceae,Sapindales,Sapindales,
Live,Operculicarya pachypus,Anacardiaceae,Sapindales,Sapindales,
Live,Orchis militaris,Orchidaceae,Orchidales,Asparagales,
Live,Ornithocephalus bicornis,Orchidaceae,Orchidales,Asparagales,
Live,Ornithocephalus gladiatus,Orchidaceae,Orchidales,Asparagales,
Live,Ornithocephalus inflexus,Orchidaceae,Orchidales,Asparagales,
Live,Ornithochilus difformis,Orchidaceae,Orchidales,Asparagales,
Live,Pachypodium bispinosum,Apocynaceae,Gentianales,Gentianales,
Live,Pachypodium brevicaule,Apocynaceae,Gentianales,Gentianales,
Live,Pachypodium densiflorum,Apocynaceae,Gentianales,Gentianales,
Live,Pachypodium eburneum,Apocynaceae,Gentianales,Gentianales,
Live,Pachypodium geayi,Apocynaceae,Gentianales,Gentianales,
Live,Pachypodium horombense,Apocynaceae,Gentianales,Gentianales,
Live,Pachypodium inopinatum,Apocynaceae,Gentianales,Gentianales,
Live,Pachypodium lamerei,Apocynaceae,Gentianales,Gentianales,
Live,Pachypodium lealii,Apocynaceae,Gentianales,Gentianales,
Live,Pachypodium rosulatum,Apocynaceae,Gentianales,Gentianales,
Live,Pachypodium rutenbergianum,Apocynaceae,Gentianales,Gentianales,
Live,Pachypodium sofiense,Apocynaceae,Gentianales,Gentianales,
Live,Pachypodium succulentum,Apocynaceae,Gentianales,Gentianales,
Live,Papilionanthe pedunculata,Orchidaceae,Orchidales,Asparagales,
Live,Pecteilis susannae,Orchidaceae,Orchidales,Asparagales,
Live,Pelatantheria ctenoglossum,Orchidaceae,Orchidales,Asparagales,
Live,Peristeria elata,Orchidaceae,Orchidales,Asparagales,
Live,Pescatoria hirtzii,Orchidaceae,Orchidales,Asparagales,
Live,Phaius indigofer,Orchidaceae,Orchidales,Asparagales,
Live,Phaius mishmensis,Orchidaceae,Orchidales,Asparagales,
Live,Phaius pulchellus,Orchidaceae,Orchidales,Asparagales,
Live,Phaius tankervilleae,Orchidaceae,Orchidales,Asparagales,
Live,Phalaenopsis amabilis,Orchidaceae,Orchidales,Asparagales,
Live,Phalaenopsis gigantea,Orchidaceae,Orchidales,Asparagales,
Live,Phalaenopsis mannii,Orchidaceae,Orchidales,Asparagales,
Live,Phalaenopsis parishii,Orchidaceae,Orchidales,Asparagales,
Live,Phalaenopsis pulcherrima,Orchidaceae,Orchidales,Asparagales,
Live,Pholidota imbricata,Orchidaceae,Orchidales,Asparagales,
Live,Pinalia floribunda,Orchidaceae,Orchidales,Asparagales,
Live,Plectrophora cultrifolia,Orchidaceae,Orchidales,Asparagales,
Live,Polystachya clavata,Orchidaceae,Orchidales,Asparagales,
Live,Polystachya concreta,Orchidaceae,Orchidales,Asparagales,
Live,Pomatocalpa spicatum,Orchidaceae,Orchidales,Asparagales,
Live,Prosthechea pygmaea,Orchidaceae,Orchidales,Asparagales,
Live,Pteroceras teres,Orchidaceae,Orchidales,Asparagales,
Live,Rauvolfia serpentina,Apocynaceae,Gentianales,Gentianales,
Live,Ravenea rivularis,Palmae,Arecales,Arecales,
Live,Renanthera annamensis,Orchidaceae,Orchidales,Asparagales,
Live,Renanthera coccinea,Orchidaceae,Orchidales,Asparagales,
Live,Renanthera imschootiana,Orchidaceae,Orchidales,Asparagales,
Live,Restrepiella ophiocephala,Orchidaceae,Orchidales,Asparagales,
Live,Rhipsalis baccifera,Cactaceae,Caryophyllales,Caryophyllales,
Live,Rhyncholaelia digbyana,Orchidaceae,Orchidales,Asparagales,
Live,Rhyncholaelia glauca,Orchidaceae,Orchidales,Asparagales,
Live,Rhynchostylis coelestis,Orchidaceae,Orchidales,Asparagales,
Live,Rhynchostylis gigantea,Orchidaceae,Orchidales,Asparagales,
Live,Rhynchostylis retusa,Orchidaceae,Orchidales,Asparagales,
Live,Sarcoglottis acaulis,Orchidaceae,Orchidales,Asparagales,
Live,Sarcoglottis sceptrodes,Orchidaceae,Orchidales,Asparagales,
Live,Sarracenia flava,Sarraceniaceae,Nepenthales,Ericales,
Live,Sarracenia purpurea,Sarraceniaceae,Nepenthales,Ericales,
Live,Scaphyglottis behrii,Orchidaceae,Orchidales,Asparagales,
Live,Scaphyglottis prolifera,Orchidaceae,Orchidales,Asparagales,
Live,Schoenorchis gemmata,Orchidaceae,Orchidales,Asparagales,
Live,Schoenorchis micrantha,Orchidaceae,Orchidales,Asparagales,
Live,Schoenorchis tortifolia,Orchidaceae,Orchidales,Asparagales,
Live,Schomburgkia lyonsii,Orchidaceae,Orchidales,Asparagales,
Live,Sobennikoffia humbertiana,Orchidaceae,Orchidales,Asparagales,
Live,Sobennikoffia robusta,Orchidaceae,Orchidales,Asparagales,
Live,Sobralia decora,Orchidaceae,Orchidales,Asparagales,
Live,Sobralia macrantha,Orchidaceae,Orchidales,Asparagales,
Live,Spathoglottis affinis,Orchidaceae,Orchidales,Asparagales,
Live,Spathoglottis eburnea,Orchidaceae,Orchidales,Asparagales,
Live,Spathoglottis plicata,Orchidaceae,Orchidales,Asparagales,
Live,Sphaeropteris cooperi,Cyatheaceae,Cyatheales,Cyatheales,
Live,Sphaeropteris excelsa,Cyatheaceae,Cyatheales,Cyatheales,
Live,Sphaeropteris glauca,Cyatheaceae,Cyatheales,Cyatheales,
Live,Sphaeropteris lepifera,Cyatheaceae,Cyatheales,Cyatheales,
Live,Sphaeropteris tomentosissima,Cyatheaceae,Cyatheales,Cyatheales,
Live,Stanhopea candida,Orchidaceae,Orchidales,Asparagales,
Live,Stanhopea ecornuta,Orchidaceae,Orchidales,Asparagales,
Live,Stanhopea graveolens,Orchidaceae,Orchidales,Asparagales,
Live,Stanhopea oculata,Orchidaceae,Orchidales,Asparagales,
Live,Stanhopea ruckeri,Orchidaceae,Orchidales,Asparagales,
Live,Stelis multirostris,Orchidaceae,Orchidales,Asparagales,
Live,Stelis ophioglossoides,Orchidaceae,Orchidales,Asparagales,
Live,Stenocactus multicostatus,Cactaceae,Caryophyllales,Caryophyllales,
Live,Stenorrhynchos speciosum,Orchidaceae,Orchidales,Asparagales,
Live,Stereochilus dalatensis,Orchidaceae,Orchidales,Asparagales,
Live,Sudamerlycaste barringtoniae,Orchidaceae,Orchidales,Asparagales,
Live,Sudamerlycaste ciliata,Orchidaceae,Orchidales,Asparagales,
Live,Tainia cordifolia,Orchidaceae,Orchidales,Asparagales,
Live,Thecostele alata,Orchidaceae,Orchidales,Asparagales,
Live,Thrixspermum centipeda,Orchidaceae,Orchidales,Asparagales,
Live,Trichocentrum ascendens,Orchidaceae,Orchidales,Asparagales,
Live,Trichocentrum lindenii,Orchidaceae,Orchidales,Asparagales,
Live,Trichocentrum panduratum,Orchidaceae,Orchidales,Asparagales,
Live,Trichocentrum undulatum,Orchidaceae,Orchidales,Asparagales,
Live,Trichoceros antennifer,Orchidaceae,Orchidales,Asparagales,
Live,Trichoglottis fasciata,Orchidaceae,Orchidales,Asparagales,
Live,Trichoglottis retusa,Orchidaceae,Orchidales,Asparagales,
Live,Trichopilia tortilis,Orchidaceae,Orchidales,Asparagales,
Live,Vanda bensonii,Orchidaceae,Orchidales,Asparagales,
Live,Vanda bidupensis,Orchidaceae,Orchidales,Asparagales,
Live,Vanda coerulea,Orchidaceae,Orchidales,Asparagales,
Live,Vanda coerulescens,Orchidaceae,Orchidales,Asparagales,
Live,Vanda concolor,Orchidaceae,Orchidales,Asparagales,
Live,Vanda denisoniana,Orchidaceae,Orchidales,Asparagales,
Live,Vanda lilacina,Orchidaceae,Orchidales,Asparagales,
Live,Vanda pumila,Orchidaceae,Orchidales,Asparagales,
Live,Vandopsis gigantea,Orchidaceae,Orchidales,Asparagales,
Live,Vanilla claviculata,Orchidaceae,Orchidales,Asparagales,
Live,Vanilla planifolia,Orchidaceae,Orchidales,Asparagales,
Live,Vanilla pompona,Orchidaceae,Orchidales,Asparagales,
Live,Xylobium elongatum,Orchidaceae,Orchidales,Asparagales,
Live,Zamia acuminata,Zamiaceae,Cycadales,Cycadales,
Live,Zamia chigua,Zamiaceae,Cycadales,Cycadales,
Live,Zamia dressleri,Zamiaceae,Cycadales,Cycadales,
Live,Zamia elegantissima,Zamiaceae,Cycadales,Cycadales,
Live,Zamia furfuracea,Zamiaceae,Cycadales,Cycadales,
Live,Zamia ipetiensis,Zamiaceae,Cycadales,Cycadales,
Live,Zamia manicata,Zamiaceae,Cycadales,Cycadales,
Live,Zamia nesophila,Zamiaceae,Cycadales,Cycadales,
Live,Zamia obliqua,Zamiaceae,Cycadales,Cycadales,
Products,Adonis vernalis,Ranunculaceae,Ranunculales,Ranunculales,
Products,Aloe arborescens,Liliaceae,Liliales,Liliales,
Products,Aloe ellenbeckii,Liliaceae,Liliales,Liliales,
Products,Aloe ferox,Liliaceae,Liliales,Liliales,
Products,Aloe greatheadii,Liliaceae,Liliales,Liliales,
Products,Aloe marlothii,Liliaceae,Liliales,Liliales,
Products,Aloe secundiflora,Liliaceae,Liliales,Liliales,
Products,Aniba rosaeodora,Lauraceae,Laurales,Laurales,
Products,Aquilaria crassna,Thymelaeaceae,Myrtales,Malvales,
Products,Aquilaria filaria,Thymelaeaceae,Myrtales,Malvales,
Products,Aquilaria malaccensis,Thymelaeaceae,Myrtales,Malvales,
Products,Aquilaria sinensis,Thymelaeaceae,Myrtales,Malvales,
Products,Barlia robertiana,Orchidaceae,Orchidales,Asparagales,
Products,Bletilla striata,Orchidaceae,Orchidales,Asparagales,
Products,Bulnesia sarmientoi,Zygophyllaceae,Sapindales,Zygophyllales,
Products,Cibotium barometz,Dicksoniaceae,Dicksoniales,Dicksoniales,
Products,Cistanche deserticola,Orobanchaceae,Scrophulariales,Lamiales,
Products,Cyathea concinna,Cyatheaceae,Cyatheales,Cyatheales,
Products,Cyathea medullaris,Cyatheaceae,Cyatheales,Cyatheales,
Products,Cylindropuntia cholla,Cactaceae,Caryophyllales,Caryophyllales,
Products,Dalbergia melanoxylon,Leguminosae,Fabales,Fabales,
Products,Dalbergia sissoo,Leguminosae,Fabales,Fabales,
Products,Dendrobium anosmum,Orchidaceae,Orchidales,Asparagales,
Products,Dendrobium capillipes,Orchidaceae,Orchidales,Asparagales,
Products,Dendrobium chrysotoxum,Orchidaceae,Orchidales,Asparagales,
Products,Dendrobium denudans,Orchidaceae,Orchidales,Asparagales,
Products,Dendrobium eriiflorum,Orchidaceae,Orchidales,Asparagales,
Products,Dendrobium fimbriatum,Orchidaceae,Orchidales,Asparagales,
Products,Dendrobium hercoglossum,Orchidaceae,Orchidales,Asparagales,
Products,Dendrobium nobile,Orchidaceae,Orchidales,Asparagales,
Products,Dendrolirium lasiopetalum,Orchidaceae,Orchidales,Asparagales,
Products,Dypsis decaryi,Palmae,Arecales,Arecales,
Products,Echinopsis pachanoi,Cactaceae,Caryophyllales,Caryophyllales,
Products,Eulychnia acida,Cactaceae,Caryophyllales,Caryophyllales,
Products,Euphorbia antiquorum,Euphorbiaceae,Euphorbiales,Malpighiales,
Products,Euphorbia antisyphilitica,Euphorbiaceae,Euphorbiales,Malpighiales,
Products,Euphorbia resinifera,Euphorbiaceae,Euphorbiales,Malpighiales,
Products,Ferocactus latispinus,Cactaceae,Caryophyllales,Caryophyllales,
Products,Gastrodia elata,Orchidaceae,Orchidales,Asparagales,
Products,Gonystylus bancanus,Thymelaeaceae,Myrtales,Malvales,
Products,Guaiacum sanctum,Zygophyllaceae,Sapindales,Zygophyllales,
Products,Gyrinops versteegii,Thymelaeaceae,Myrtales,Malvales,
Products,Hoodia gordonii,Apocynaceae,Gentianales,Gentianales,
Products,Hydrastis canadensis,Ranunculaceae,Ranunculales,Ranunculales,
Products,Hylocereus undatus,Cactaceae,Caryophyllales,Caryophyllales,
Products,Lemurophoenix halleuxii,Palmae,Arecales,Arecales,
Products,Lodoicea maldivica,Palmae,Arecales,Arecales,
Products,Marojejya darianii,Palmae,Arecales,Arecales,
Products,Myrtillocactus geometrizans,Cactaceae,Caryophyllales,Caryophyllales,
Products,Nardostachys grandiflora,Valerianaceae,Dipsacales,Dipsacales,
Products,Nepenthes masoalensis,Nepenthaceae,Nepenthales,Caryophyllales,
Products,Nervilia fordii,Orchidaceae,Orchidales,Asparagales,
Products,Opuntia cochenillifera,Cactaceae,Caryophyllales,Caryophyllales,
Products,Opuntia ficus-indica,Cactaceae,Caryophyllales,Caryophyllales,
Products,Opuntia robusta,Cactaceae,Caryophyllales,Caryophyllales,
Products,Opuntia streptacantha,Cactaceae,Caryophyllales,Caryophyllales,
Products,Osyris lanceolata,Santalaceae,Santanales,Santanales,
Products,Panax ginseng,Araliaceae,Apiales,Apiales,
Products,Panax quinquefolius,Araliaceae,Apiales,Apiales,
Products,Picrorhiza kurrooa,Scrophulariaceae,Scrophulariales,Lamiales,
Products,Podophyllum hexandrum,Berberidaceae,Ranunculales,Ranunculales,
Products,Prunus africana,Rosaceae,Rosales,Rosales,
Products,Rauvolfia serpentina,Apocynaceae,Gentianales,Gentianales,
Products,Ravenea rivularis,Palmae,Arecales,Arecales,
Products,Sarracenia purpurea,Sarraceniaceae,Nepenthales,Ericales,
Products,Satranala decussilvae,Palmae,Arecales,Arecales,
Products,Selenicereus grandiflorus,Cactaceae,Caryophyllales,Caryophyllales,
Products,Sphaeropteris glauca,Cyatheaceae,Cyatheales,Cyatheales,
Products,Stenocereus dumortieri,Cactaceae,Caryophyllales,Caryophyllales,
Products,Stenocereus queretaroensis,Cactaceae,Caryophyllales,Caryophyllales,
Products,Swietenia macrophylla,Meliaceae,Sapindales,Sapindales,
Products,Taxus cuspidata,Taxaceae,Pinales,Cupressales,
Products,Taxus wallichiana,Taxaceae,Pinales,Cupressales,
Products,Thrixspermum centipeda,Orchidaceae,Orchidales,Asparagales,
Timber,Aloe ferox,Liliaceae,Liliales,Liliales,
Timber,Aquilaria crassna,Thymelaeaceae,Myrtales,Malvales,
Timber,Aquilaria filaria,Thymelaeaceae,Myrtales,Malvales,
Timber,Aquilaria malaccensis,Thymelaeaceae,Myrtales,Malvales,
Timber,Aquilaria microcarpa,Thymelaeaceae,Myrtales,Malvales,
Timber,Bulnesia sarmientoi,Zygophyllaceae,Sapindales,Zygophyllales,
Timber,Carnegiea gigantea,Cactaceae,Caryophyllales,Caryophyllales,
Timber,Caryocar costaricense,Caryocaraceae,Theales,Malpighiales,
Timber,Cedrela angustifolia,Meliaceae,Sapindales,Sapindales,
Timber,Cedrela fissilis,Meliaceae,Sapindales,Sapindales,
Timber,Cedrela odorata,Meliaceae,Sapindales,Sapindales,
Timber,Cylindropuntia cholla,Cactaceae,Caryophyllales,Caryophyllales,
Timber,Dalbergia bariensis,Leguminosae,Fabales,Fabales,
Timber,Dalbergia calderonii,Leguminosae,Fabales,Fabales,
Timber,Dalbergia cochinchinensis,Leguminosae,Fabales,Fabales,
Timber,Dalbergia granadillo,Leguminosae,Fabales,Fabales,
Timber,Dalbergia lactea,Leguminosae,Fabales,Fabales,
Timber,Dalbergia latifolia,Leguminosae,Fabales,Fabales,
Timber,Dalbergia melanoxylon,Leguminosae,Fabales,Fabales,
Timber,Dalbergia nigra,Leguminosae,Fabales,Fabales,
Timber,Dalbergia oliveri,Leguminosae,Fabales,Fabales,
Timber,Dalbergia retusa,Leguminosae,Fabales,Fabales,
Timber,Dalbergia sissoo,Leguminosae,Fabales,Fabales,
Timber,Dalbergia stevensonii,Leguminosae,Fabales,Fabales,
Timber,Dalbergia tucurensis,Leguminosae,Fabales,Fabales,
Timber,Diospyros mcphersonii,Ebenaceae,Ebenales,Ericales,
Timber,Dipteryx panamensis,Leguminosae,Fabales,Fabales,
Timber,Fitzroya cupressoides,Cupressaceae,Pinales,Cupressales,
Timber,Fraxinus mandshurica,Oleaceae,Lamiales,Lamiales,
Timber,Gonystylus bancanus,Thymelaeaceae,Myrtales,Malvales,
Timber,Gonystylus macrophyllus,Thymelaeaceae,Myrtales,Malvales,
Timber,Guaiacum coulteri,Zygophyllaceae,Sapindales,Zygophyllales,
Timber,Guaiacum officinale,Zygophyllaceae,Sapindales,Zygophyllales,
Timber,Guaiacum sanctum,Zygophyllaceae,Sapindales,Zygophyllales,
Timber,Guibourtia demeusei,Leguminosae,Fabales,Fabales,
Timber,Guibourtia pellegriniana,Leguminosae,Fabales,Fabales,
Timber,Guibourtia tessmannii,Leguminosae,Fabales,Fabales,
Timber,Gyrinops caudata,Thymelaeaceae,Myrtales,Malvales,
Timber,Gyrinops ledermanii,Thymelaeaceae,Myrtales,Malvales,
Timber,Gyrinops versteegii,Thymelaeaceae,Myrtales,Malvales,
Timber,Osyris lanceolata,Santalaceae,Santanales,Santanales,
Timber,Paubrasilia echinata,Leguminosae,Fabales,Fabales,
Timber,Pericopsis elata,Leguminosae,Fabales,Fabales,
Timber,Pinus koraiensis,Pinaceae,Pinales,Pinales,
Timber,Platymiscium parviflorum,Leguminosae,Fabales,Fabales,
Timber,Pterocarpus erinaceus,Leguminosae,Fabales,Fabales,
Timber,Pterocarpus santalinus,Leguminosae,Fabales,Fabales,
Timber,Pterocarpus tinctorius,Leguminosae,Fabales,Fabales,
Timber,Quercus mongolica,Fagaceae,Fagales,Fagales,
Timber,Swietenia humilis,Meliaceae,Sapindales,Sapindales,
Timber,Swietenia macrophylla,Meliaceae,Sapindales,Sapindales,
Timber,Swietenia mahagoni,Meliaceae,Sapindales,Sapindales,
Timber,Taxus cuspidata,Taxaceae,Pinales,Cupressales,
